# 3ds Max Wavefront OBJ Exporter v0.97b - (c)2007 guruware
# File Created: 04.09.2017 09:43:28

mtllib Radiator.mtl

#
# object Cylinder017
#

v  -629.2364 9.5406 7.7598
v  -625.3244 17.4501 7.0700
v  -627.2262 18.1530 7.4053
v  -629.2364 18.3915 7.7598
v  -622.2447 14.8260 6.5269
v  -623.6335 16.3208 6.7718
v  -620.6523 11.0775 6.2462
v  -621.2327 13.0462 6.3485
v  -620.8860 7.0021 6.2874
v  -620.5346 9.0259 6.2254
v  -622.8962 3.4667 6.6418
v  -621.6877 5.1151 6.4287
v  -626.2552 1.2234 7.2341
v  -624.4466 2.1457 6.9152
v  -630.2483 0.7494 7.9382
v  -628.2245 0.7494 7.5813
v  -634.0262 2.1457 8.6043
v  -632.2176 1.2234 8.2854
v  -636.7851 5.1151 9.0908
v  -635.5765 3.4667 8.8777
v  -637.9382 9.0259 9.2941
v  -637.5867 7.0021 9.2321
v  -637.2401 13.0462 9.1710
v  -637.8205 11.0775 9.2734
v  -634.8392 16.3208 8.7477
v  -636.2281 14.8260 8.9926
v  -631.2466 18.1529 8.1142
v  -633.1484 17.4501 8.4495
v  -628.8411 18.1530 -1.7533
v  -630.8513 18.3915 -1.3989
v  -626.9393 17.4501 -2.0887
v  -625.2485 16.3208 -2.3868
v  -623.8596 14.8260 -2.6317
v  -622.8477 13.0462 -2.8101
v  -622.2672 11.0775 -2.9125
v  -622.1495 9.0259 -2.9332
v  -622.5010 7.0021 -2.8713
v  -623.3026 5.1151 -2.7299
v  -624.5112 3.4667 -2.5168
v  -626.0615 2.1457 -2.2435
v  -627.8701 1.2234 -1.9246
v  -629.8394 0.7494 -1.5773
v  -631.8632 0.7494 -1.2205
v  -633.8325 1.2234 -0.8732
v  -635.6411 2.1457 -0.5543
v  -637.1915 3.4667 -0.2809
v  -638.4000 5.1151 -0.0678
v  -639.2016 7.0021 0.0735
v  -639.5530 9.0259 0.1355
v  -639.4354 11.0775 0.1147
v  -638.8549 13.0462 0.0124
v  -637.8430 14.8260 -0.1661
v  -636.4542 16.3208 -0.4110
v  -634.7633 17.4501 -0.7091
v  -632.8615 18.1529 -1.0444
v  -630.8513 9.5406 -1.3989
# 56 vertices

vn 0.1736 0.0000 0.9848
vn -0.0000 1.0000 0.0000
vn 0.2271 0.9730 -0.0400
vn 0.4420 0.8936 -0.0779
vn 0.6330 0.7660 -0.1116
vn 0.7899 0.5972 -0.1393
vn 0.9043 0.3961 -0.1594
vn 0.9698 0.1736 -0.1710
vn 0.9831 -0.0581 -0.1734
vn 0.9434 -0.2868 -0.1664
vn 0.8529 -0.5000 -0.1504
vn 0.7163 -0.6862 -0.1263
vn 0.5412 -0.8355 -0.0954
vn 0.3368 -0.9397 -0.0594
vn 0.1143 -0.9932 -0.0202
vn -0.1143 -0.9932 0.0202
vn -0.3368 -0.9397 0.0594
vn -0.5412 -0.8355 0.0954
vn -0.7163 -0.6862 0.1263
vn -0.8529 -0.5000 0.1504
vn -0.9434 -0.2868 0.1664
vn -0.9831 -0.0581 0.1734
vn -0.9698 0.1736 0.1710
vn -0.9043 0.3961 0.1594
vn -0.7899 0.5972 0.1393
vn -0.6330 0.7660 0.1116
vn -0.4420 0.8936 0.0779
vn -0.2271 0.9730 0.0400
vn -0.1736 -0.0000 -0.9848
# 29 vertex normals

vt 0.5000 0.0000 0.0000
vt 0.8241 0.0000 1.0000
vt 0.7870 0.0000 1.0000
vt 0.7500 0.0000 1.0000
vt 0.8981 0.0000 1.0000
vt 0.8611 0.0000 1.0000
vt 0.9722 0.0000 1.0000
vt 0.9352 0.0000 1.0000
vt 0.0463 0.0000 1.0000
vt 0.0093 0.0000 1.0000
vt -0.0278 0.0000 1.0000
vt 0.1204 0.0000 1.0000
vt 0.0833 0.0000 1.0000
vt 0.1944 0.0000 1.0000
vt 0.1574 0.0000 1.0000
vt 0.2685 0.0000 1.0000
vt 0.2315 0.0000 1.0000
vt 0.3426 0.0000 1.0000
vt 0.3056 0.0000 1.0000
vt 0.4167 0.0000 1.0000
vt 0.3796 0.0000 1.0000
vt 0.4907 0.0000 1.0000
vt 0.4537 0.0000 1.0000
vt 0.5648 0.0000 1.0000
vt 0.5278 0.0000 1.0000
vt 0.6389 0.0000 1.0000
vt 0.6019 0.0000 1.0000
vt 0.7130 0.0000 1.0000
vt 0.6759 0.0000 1.0000
vt 0.7870 1.0000 1.0000
vt 0.7500 1.0000 1.0000
vt 0.8241 1.0000 1.0000
vt 0.8611 1.0000 1.0000
vt 0.8981 1.0000 1.0000
vt 0.9352 1.0000 1.0000
vt 0.9722 1.0000 1.0000
vt 0.0093 1.0000 1.0000
vt -0.0278 1.0000 1.0000
vt 0.0463 1.0000 1.0000
vt 0.0833 1.0000 1.0000
vt 0.1204 1.0000 1.0000
vt 0.1574 1.0000 1.0000
vt 0.1944 1.0000 1.0000
vt 0.2315 1.0000 1.0000
vt 0.2685 1.0000 1.0000
vt 0.3056 1.0000 1.0000
vt 0.3426 1.0000 1.0000
vt 0.3796 1.0000 1.0000
vt 0.4167 1.0000 1.0000
vt 0.4537 1.0000 1.0000
vt 0.4907 1.0000 1.0000
vt 0.5278 1.0000 1.0000
vt 0.5648 1.0000 1.0000
vt 0.6019 1.0000 1.0000
vt 0.6389 1.0000 1.0000
vt 0.6759 1.0000 1.0000
vt 0.7130 1.0000 1.0000
vt 0.5000 1.0000 0.0000
vt 0.9838 1.0000 0.9461
# 59 texture coords

g Cylinder017
usemtl 02___Default
s 1
f -56/-59/-29 -55/-58/-29 -54/-57/-29 -53/-56/-29 
f -56/-59/-29 -52/-55/-29 -51/-54/-29 -55/-58/-29 
f -56/-59/-29 -50/-53/-29 -49/-52/-29 -52/-55/-29 
f -56/-59/-29 -48/-51/-29 -47/-50/-29 -50/-49/-29 
f -56/-59/-29 -46/-48/-29 -45/-47/-29 -48/-51/-29 
f -56/-59/-29 -44/-46/-29 -43/-45/-29 -46/-48/-29 
f -56/-59/-29 -42/-44/-29 -41/-43/-29 -44/-46/-29 
f -56/-59/-29 -40/-42/-29 -39/-41/-29 -42/-44/-29 
f -56/-59/-29 -38/-40/-29 -37/-39/-29 -40/-42/-29 
f -56/-59/-29 -36/-38/-29 -35/-37/-29 -38/-40/-29 
f -56/-59/-29 -34/-36/-29 -33/-35/-29 -36/-38/-29 
f -56/-59/-29 -32/-34/-29 -31/-33/-29 -34/-36/-29 
f -56/-59/-29 -30/-32/-29 -29/-31/-29 -32/-34/-29 
f -56/-59/-29 -53/-56/-29 -30/-32/-29 
s 8
f -53/-56/-28 -54/-57/-27 -28/-30/-27 -27/-29/-28 
f -54/-57/-27 -55/-58/-26 -26/-28/-26 -28/-30/-27 
f -55/-58/-26 -51/-54/-25 -25/-27/-25 -26/-28/-26 
f -51/-54/-25 -52/-55/-24 -24/-26/-24 -25/-27/-25 
f -52/-55/-24 -49/-52/-23 -23/-25/-23 -24/-26/-24 
f -49/-52/-23 -50/-53/-22 -22/-24/-22 -23/-25/-23 
f -50/-49/-22 -47/-50/-21 -21/-23/-21 -22/-22/-22 
f -47/-50/-21 -48/-51/-20 -20/-21/-20 -21/-23/-21 
f -48/-51/-20 -45/-47/-19 -19/-20/-19 -20/-21/-20 
f -45/-47/-19 -46/-48/-18 -18/-19/-18 -19/-20/-19 
f -46/-48/-18 -43/-45/-17 -17/-18/-17 -18/-19/-18 
f -43/-45/-17 -44/-46/-16 -16/-17/-16 -17/-18/-17 
f -44/-46/-16 -41/-43/-15 -15/-16/-15 -16/-17/-16 
f -41/-43/-15 -42/-44/-14 -14/-15/-14 -15/-16/-15 
f -42/-44/-14 -39/-41/-13 -13/-14/-13 -14/-15/-14 
f -39/-41/-13 -40/-42/-12 -12/-13/-12 -13/-14/-13 
f -40/-42/-12 -37/-39/-11 -11/-12/-11 -12/-13/-12 
f -37/-39/-11 -38/-40/-10 -10/-11/-10 -11/-12/-11 
f -38/-40/-10 -35/-37/-9 -9/-10/-9 -10/-11/-10 
f -35/-37/-9 -36/-38/-8 -8/-9/-8 -9/-10/-9 
f -36/-38/-8 -33/-35/-7 -7/-8/-7 -8/-9/-8 
f -33/-35/-7 -34/-36/-6 -6/-7/-6 -7/-8/-7 
f -34/-36/-6 -31/-33/-5 -5/-6/-5 -6/-7/-6 
f -31/-33/-5 -32/-34/-4 -4/-5/-4 -5/-6/-5 
f -32/-34/-4 -29/-31/-3 -3/-4/-3 -4/-5/-4 
f -29/-31/-3 -30/-32/-2 -2/-3/-2 -3/-4/-3 
f -30/-32/-2 -53/-56/-28 -27/-29/-28 -2/-3/-2 
s 1
f -1/-2/-1 -2/-3/-1 -27/-29/-1 -28/-30/-1 
f -1/-2/-1 -28/-30/-1 -26/-28/-1 -25/-27/-1 
f -1/-2/-1 -25/-27/-1 -24/-26/-1 -23/-25/-1 
f -1/-2/-1 -23/-25/-1 -22/-24/-1 -21/-1/-1 
f -1/-2/-1 -21/-23/-1 -20/-21/-1 -19/-20/-1 
f -1/-2/-1 -19/-20/-1 -18/-19/-1 -17/-18/-1 
f -1/-2/-1 -17/-18/-1 -16/-17/-1 -15/-16/-1 
f -1/-2/-1 -15/-16/-1 -14/-15/-1 -13/-14/-1 
f -1/-2/-1 -13/-14/-1 -12/-13/-1 -11/-12/-1 
f -1/-2/-1 -11/-12/-1 -10/-11/-1 -9/-10/-1 
f -1/-2/-1 -9/-10/-1 -8/-9/-1 -7/-8/-1 
f -1/-2/-1 -7/-8/-1 -6/-7/-1 -5/-6/-1 
f -1/-2/-1 -5/-6/-1 -4/-5/-1 -3/-4/-1 
f -1/-2/-1 -3/-4/-1 -2/-3/-1 
# 53 polygons - 2 triangles

#
# object Cylinder018
#

v  -659.4995 9.5406 18.7746
v  -655.8994 17.4501 17.0959
v  -657.6496 18.1530 17.9120
v  -659.4995 18.3915 18.7746
v  -653.0651 14.8260 15.7742
v  -654.3433 16.3208 16.3702
v  -651.5997 11.0775 15.0909
v  -652.1339 13.0462 15.3400
v  -651.8148 7.0021 15.1912
v  -651.4914 9.0259 15.0404
v  -653.6647 3.4667 16.0538
v  -652.5525 5.1151 15.5352
v  -656.7559 1.2234 17.4953
v  -655.0915 2.1457 16.7192
v  -660.4308 0.7494 19.2089
v  -658.5682 0.7494 18.3404
v  -663.9075 2.1457 20.8301
v  -662.2431 1.2234 20.0540
v  -666.4465 5.1151 22.0141
v  -665.3343 3.4667 21.4954
v  -667.5076 9.0259 22.5089
v  -667.1842 7.0021 22.3581
v  -666.8652 13.0462 22.2093
v  -667.3994 11.0775 22.4584
v  -664.6558 16.3208 21.1791
v  -665.9339 14.8260 21.7751
v  -661.3494 18.1529 19.6373
v  -663.0997 17.4501 20.4534
v  -661.5799 18.1530 9.4834
v  -663.4298 18.3915 10.3460
v  -659.8297 17.4501 8.6673
v  -658.2736 16.3208 7.9416
v  -656.9954 14.8260 7.3456
v  -656.0641 13.0462 6.9114
v  -655.5300 11.0775 6.6623
v  -655.4217 9.0259 6.6118
v  -655.7451 7.0021 6.7626
v  -656.4828 5.1151 7.1066
v  -657.5950 3.4667 7.6252
v  -659.0219 2.1457 8.2906
v  -660.6863 1.2234 9.0667
v  -662.4986 0.7494 9.9118
v  -664.3611 0.7494 10.7803
v  -666.1734 1.2234 11.6254
v  -667.8378 2.1457 12.4015
v  -669.2646 3.4667 13.0668
v  -670.3768 5.1151 13.5855
v  -671.1146 7.0021 13.9295
v  -671.4380 9.0259 14.0803
v  -671.3297 11.0775 14.0298
v  -670.7955 13.0462 13.7807
v  -669.8643 14.8260 13.3464
v  -668.5861 16.3208 12.7504
v  -667.0300 17.4501 12.0248
v  -665.2798 18.1529 11.2087
v  -663.4298 9.5406 10.3460
# 56 vertices

vn 0.4226 0.0000 0.9063
vn -0.0000 1.0000 0.0000
vn 0.2090 0.9730 -0.0975
vn 0.4068 0.8936 -0.1897
vn 0.5826 0.7660 -0.2717
vn 0.7270 0.5972 -0.3390
vn 0.8322 0.3961 -0.3881
vn 0.8925 0.1736 -0.4162
vn 0.9048 -0.0581 -0.4219
vn 0.8682 -0.2868 -0.4049
vn 0.7849 -0.5000 -0.3660
vn 0.6592 -0.6862 -0.3074
vn 0.4980 -0.8355 -0.2322
vn 0.3100 -0.9397 -0.1445
vn 0.1052 -0.9932 -0.0491
vn -0.1052 -0.9932 0.0491
vn -0.3100 -0.9397 0.1445
vn -0.4980 -0.8355 0.2322
vn -0.6592 -0.6862 0.3074
vn -0.7849 -0.5000 0.3660
vn -0.8682 -0.2868 0.4049
vn -0.9048 -0.0581 0.4219
vn -0.8925 0.1736 0.4162
vn -0.8322 0.3961 0.3881
vn -0.7270 0.5972 0.3390
vn -0.5826 0.7660 0.2717
vn -0.4068 0.8936 0.1897
vn -0.2090 0.9730 0.0975
vn -0.4226 -0.0000 -0.9063
# 29 vertex normals

vt 0.5000 0.0000 0.0000
vt 0.8241 0.0000 1.0000
vt 0.7870 0.0000 1.0000
vt 0.7500 0.0000 1.0000
vt 0.8981 0.0000 1.0000
vt 0.8611 0.0000 1.0000
vt 0.9722 0.0000 1.0000
vt 0.9352 0.0000 1.0000
vt 0.0463 0.0000 1.0000
vt 0.0093 0.0000 1.0000
vt -0.0278 0.0000 1.0000
vt 0.1204 0.0000 1.0000
vt 0.0833 0.0000 1.0000
vt 0.1944 0.0000 1.0000
vt 0.1574 0.0000 1.0000
vt 0.2685 0.0000 1.0000
vt 0.2315 0.0000 1.0000
vt 0.3426 0.0000 1.0000
vt 0.3056 0.0000 1.0000
vt 0.4167 0.0000 1.0000
vt 0.3796 0.0000 1.0000
vt 0.4907 0.0000 1.0000
vt 0.4537 0.0000 1.0000
vt 0.5648 0.0000 1.0000
vt 0.5278 0.0000 1.0000
vt 0.6389 0.0000 1.0000
vt 0.6019 0.0000 1.0000
vt 0.7130 0.0000 1.0000
vt 0.6759 0.0000 1.0000
vt 0.7870 1.0000 1.0000
vt 0.7500 1.0000 1.0000
vt 0.8241 1.0000 1.0000
vt 0.8611 1.0000 1.0000
vt 0.8981 1.0000 1.0000
vt 0.9352 1.0000 1.0000
vt 0.9722 1.0000 1.0000
vt 0.0093 1.0000 1.0000
vt -0.0278 1.0000 1.0000
vt 0.0463 1.0000 1.0000
vt 0.0833 1.0000 1.0000
vt 0.1204 1.0000 1.0000
vt 0.1574 1.0000 1.0000
vt 0.1944 1.0000 1.0000
vt 0.2315 1.0000 1.0000
vt 0.2685 1.0000 1.0000
vt 0.3056 1.0000 1.0000
vt 0.3426 1.0000 1.0000
vt 0.3796 1.0000 1.0000
vt 0.4167 1.0000 1.0000
vt 0.4537 1.0000 1.0000
vt 0.4907 1.0000 1.0000
vt 0.5278 1.0000 1.0000
vt 0.5648 1.0000 1.0000
vt 0.6019 1.0000 1.0000
vt 0.6389 1.0000 1.0000
vt 0.6759 1.0000 1.0000
vt 0.7130 1.0000 1.0000
vt 0.5000 1.0000 0.0000
vt 0.9838 1.0000 0.9461
# 59 texture coords

g Cylinder018
usemtl 02___Default
s 1
f -56/-59/-29 -55/-58/-29 -54/-57/-29 -53/-56/-29 
f -56/-59/-29 -52/-55/-29 -51/-54/-29 -55/-58/-29 
f -56/-59/-29 -50/-53/-29 -49/-52/-29 -52/-55/-29 
f -56/-59/-29 -48/-51/-29 -47/-50/-29 -50/-49/-29 
f -56/-59/-29 -46/-48/-29 -45/-47/-29 -48/-51/-29 
f -56/-59/-29 -44/-46/-29 -43/-45/-29 -46/-48/-29 
f -56/-59/-29 -42/-44/-29 -41/-43/-29 -44/-46/-29 
f -56/-59/-29 -40/-42/-29 -39/-41/-29 -42/-44/-29 
f -56/-59/-29 -38/-40/-29 -37/-39/-29 -40/-42/-29 
f -56/-59/-29 -36/-38/-29 -35/-37/-29 -38/-40/-29 
f -56/-59/-29 -34/-36/-29 -33/-35/-29 -36/-38/-29 
f -56/-59/-29 -32/-34/-29 -31/-33/-29 -34/-36/-29 
f -56/-59/-29 -30/-32/-29 -29/-31/-29 -32/-34/-29 
f -56/-59/-29 -53/-56/-29 -30/-32/-29 
s 8
f -53/-56/-28 -54/-57/-27 -28/-30/-27 -27/-29/-28 
f -54/-57/-27 -55/-58/-26 -26/-28/-26 -28/-30/-27 
f -55/-58/-26 -51/-54/-25 -25/-27/-25 -26/-28/-26 
f -51/-54/-25 -52/-55/-24 -24/-26/-24 -25/-27/-25 
f -52/-55/-24 -49/-52/-23 -23/-25/-23 -24/-26/-24 
f -49/-52/-23 -50/-53/-22 -22/-24/-22 -23/-25/-23 
f -50/-49/-22 -47/-50/-21 -21/-23/-21 -22/-22/-22 
f -47/-50/-21 -48/-51/-20 -20/-21/-20 -21/-23/-21 
f -48/-51/-20 -45/-47/-19 -19/-20/-19 -20/-21/-20 
f -45/-47/-19 -46/-48/-18 -18/-19/-18 -19/-20/-19 
f -46/-48/-18 -43/-45/-17 -17/-18/-17 -18/-19/-18 
f -43/-45/-17 -44/-46/-16 -16/-17/-16 -17/-18/-17 
f -44/-46/-16 -41/-43/-15 -15/-16/-15 -16/-17/-16 
f -41/-43/-15 -42/-44/-14 -14/-15/-14 -15/-16/-15 
f -42/-44/-14 -39/-41/-13 -13/-14/-13 -14/-15/-14 
f -39/-41/-13 -40/-42/-12 -12/-13/-12 -13/-14/-13 
f -40/-42/-12 -37/-39/-11 -11/-12/-11 -12/-13/-12 
f -37/-39/-11 -38/-40/-10 -10/-11/-10 -11/-12/-11 
f -38/-40/-10 -35/-37/-9 -9/-10/-9 -10/-11/-10 
f -35/-37/-9 -36/-38/-8 -8/-9/-8 -9/-10/-9 
f -36/-38/-8 -33/-35/-7 -7/-8/-7 -8/-9/-8 
f -33/-35/-7 -34/-36/-6 -6/-7/-6 -7/-8/-7 
f -34/-36/-6 -31/-33/-5 -5/-6/-5 -6/-7/-6 
f -31/-33/-5 -32/-34/-4 -4/-5/-4 -5/-6/-5 
f -32/-34/-4 -29/-31/-3 -3/-4/-3 -4/-5/-4 
f -29/-31/-3 -30/-32/-2 -2/-3/-2 -3/-4/-3 
f -30/-32/-2 -53/-56/-28 -27/-29/-28 -2/-3/-2 
s 1
f -1/-2/-1 -2/-3/-1 -27/-29/-1 -28/-30/-1 
f -1/-2/-1 -28/-30/-1 -26/-28/-1 -25/-27/-1 
f -1/-2/-1 -25/-27/-1 -24/-26/-1 -23/-25/-1 
f -1/-2/-1 -23/-25/-1 -22/-24/-1 -21/-1/-1 
f -1/-2/-1 -21/-23/-1 -20/-21/-1 -19/-20/-1 
f -1/-2/-1 -19/-20/-1 -18/-19/-1 -17/-18/-1 
f -1/-2/-1 -17/-18/-1 -16/-17/-1 -15/-16/-1 
f -1/-2/-1 -15/-16/-1 -14/-15/-1 -13/-14/-1 
f -1/-2/-1 -13/-14/-1 -12/-13/-1 -11/-12/-1 
f -1/-2/-1 -11/-12/-1 -10/-11/-1 -9/-10/-1 
f -1/-2/-1 -9/-10/-1 -8/-9/-1 -7/-8/-1 
f -1/-2/-1 -7/-8/-1 -6/-7/-1 -5/-6/-1 
f -1/-2/-1 -5/-6/-1 -4/-5/-1 -3/-4/-1 
f -1/-2/-1 -3/-4/-1 -2/-3/-1 
# 53 polygons - 2 triangles

#
# object Box20188
#

v  -664.5959 17.7915 13.0791
v  -659.3863 17.7915 11.1830
v  -657.6679 17.7915 15.9042
v  -662.8775 17.7915 17.8004
v  -664.5959 55.1588 13.0791
v  -662.8775 55.1588 17.8004
v  -657.6679 55.1588 15.9042
v  -659.3863 55.1588 11.1830
# 8 vertices

vn 0.0000 -1.0000 -0.0000
vn 0.0000 1.0000 -0.0000
vn -0.9397 0.0000 0.3420
vn 0.3420 0.0000 0.9397
vn 0.9397 0.0000 -0.3420
vn -0.3420 0.0000 -0.9397
# 6 vertex normals

vt 1.0000 0.0000 0.0000
vt 1.0000 1.0000 0.0000
vt 0.0000 1.0000 0.0000
vt 0.0000 0.0000 0.0000
# 4 texture coords

g Box20188
usemtl _crayfishdiffuse
s 2
f -8/-4/-6 -7/-3/-6 -6/-2/-6 -5/-1/-6 
s 4
f -4/-1/-5 -3/-4/-5 -2/-3/-5 -1/-2/-5 
s 8
f -8/-1/-4 -5/-4/-4 -3/-3/-4 -4/-2/-4 
s 16
f -5/-1/-3 -6/-4/-3 -2/-3/-3 -3/-2/-3 
s 32
f -6/-1/-2 -7/-4/-2 -1/-3/-2 -2/-2/-2 
s 64
f -7/-1/-1 -8/-4/-1 -4/-3/-1 -1/-2/-1 
# 6 polygons

#
# object Cylinder019
#

v  -714.4756 168.6915 -175.3285
v  -717.9098 170.4999 -174.2451
v  -718.2176 169.6208 -174.1571
v  -718.3236 168.6915 -174.1323
v  -716.7654 171.9237 -174.5883
v  -717.4169 171.2816 -174.3914
v  -715.1339 172.6598 -175.0890
v  -715.9905 172.3915 -174.8251
v  -713.3624 172.5517 -175.6407
v  -714.2418 172.7142 -175.3659
v  -711.8276 171.6225 -176.1259
v  -712.5429 172.1812 -175.8987
v  -710.8562 170.0697 -176.4415
v  -711.2551 170.9057 -176.3102
v  -710.6547 168.2237 -176.5204
v  -710.6524 169.1593 -176.5129
v  -711.2661 166.4772 -176.3457
v  -710.8630 167.3133 -176.4636
v  -712.5602 165.2018 -175.9546
v  -711.8422 165.7605 -176.1729
v  -714.2618 164.6688 -175.4303
v  -713.3816 164.8312 -175.7025
v  -716.0089 164.9915 -174.8844
v  -715.1537 164.7232 -175.1526
v  -717.4298 166.1013 -174.4329
v  -716.7815 165.4593 -174.6401
v  -718.2222 167.7622 -174.1720
v  -717.9188 166.8830 -174.2740
v  -718.5042 169.6289 -175.0790
v  -718.6102 168.6996 -175.0542
v  -718.1964 170.5080 -175.1670
v  -717.7035 171.2897 -175.3134
v  -717.0520 171.9318 -175.5102
v  -716.2771 172.3996 -175.7470
v  -715.4205 172.6679 -176.0109
v  -714.5284 172.7223 -176.2878
v  -713.6489 172.5598 -176.5626
v  -712.8295 172.1893 -176.8206
v  -712.1142 171.6306 -177.0479
v  -711.5417 170.9138 -177.2321
v  -711.1428 170.0778 -177.3635
v  -710.9390 169.1674 -177.4348
v  -710.9413 168.2318 -177.4423
v  -711.1497 167.3214 -177.3856
v  -711.5527 166.4853 -177.2676
v  -712.1288 165.7686 -177.0948
v  -712.8469 165.2099 -176.8765
v  -713.6682 164.8393 -176.6245
v  -714.5485 164.6769 -176.3522
v  -715.4402 164.7313 -176.0745
v  -716.2955 164.9996 -175.8063
v  -717.0681 165.4674 -175.5620
v  -717.7164 166.1095 -175.3548
v  -718.2054 166.8911 -175.1960
v  -718.5088 167.7703 -175.0939
v  -714.7622 168.6996 -176.2504
# 56 vertices

vn 0.2968 -0.0084 0.9549
vn -0.9549 -0.0000 0.2968
vn -0.9286 0.2306 0.2907
vn -0.8522 0.4488 0.2689
vn -0.7299 0.6428 0.2325
vn -0.5682 0.8021 0.1837
vn -0.3759 0.9182 0.1249
vn -0.1634 0.9848 0.0594
vn 0.0580 0.9983 -0.0093
vn 0.2763 0.9580 -0.0775
vn 0.4796 0.8660 -0.1415
vn 0.6571 0.7273 -0.1979
vn 0.7992 0.5495 -0.2436
vn 0.8982 0.3420 -0.2762
vn 0.9488 0.1161 -0.2939
vn 0.9482 -0.1161 -0.2958
vn 0.8965 -0.3420 -0.2817
vn 0.7965 -0.5495 -0.2524
vn 0.6535 -0.7273 -0.2095
vn 0.4753 -0.8660 -0.1554
vn 0.2715 -0.9580 -0.0928
vn 0.0530 -0.9983 -0.0253
vn -0.1683 -0.9848 0.0437
vn -0.3805 -0.9182 0.1102
vn -0.5722 -0.8021 0.1708
vn -0.7331 -0.6428 0.2223
vn -0.8545 -0.4488 0.2617
vn -0.9298 -0.2306 0.2870
vn -0.2968 0.0084 -0.9549
# 29 vertex normals

vt 0.5000 0.0000 0.0000
vt 0.8241 0.0000 1.0000
vt 0.7870 0.0000 1.0000
vt 0.7500 0.0000 1.0000
vt 0.8981 0.0000 1.0000
vt 0.8611 0.0000 1.0000
vt 0.9722 0.0000 1.0000
vt 0.9352 0.0000 1.0000
vt 0.0463 0.0000 1.0000
vt 0.0093 0.0000 1.0000
vt -0.0278 0.0000 1.0000
vt 0.1204 0.0000 1.0000
vt 0.0833 0.0000 1.0000
vt 0.1944 0.0000 1.0000
vt 0.1574 0.0000 1.0000
vt 0.2685 0.0000 1.0000
vt 0.2315 0.0000 1.0000
vt 0.3426 0.0000 1.0000
vt 0.3056 0.0000 1.0000
vt 0.4167 0.0000 1.0000
vt 0.3796 0.0000 1.0000
vt 0.4907 0.0000 1.0000
vt 0.4537 0.0000 1.0000
vt 0.5648 0.0000 1.0000
vt 0.5278 0.0000 1.0000
vt 0.6389 0.0000 1.0000
vt 0.6019 0.0000 1.0000
vt 0.7130 0.0000 1.0000
vt 0.6759 0.0000 1.0000
vt 0.7870 1.0000 1.0000
vt 0.7500 1.0000 1.0000
vt 0.8241 1.0000 1.0000
vt 0.8611 1.0000 1.0000
vt 0.8981 1.0000 1.0000
vt 0.9352 1.0000 1.0000
vt 0.9722 1.0000 1.0000
vt 0.0093 1.0000 1.0000
vt -0.0278 1.0000 1.0000
vt 0.0463 1.0000 1.0000
vt 0.0833 1.0000 1.0000
vt 0.1204 1.0000 1.0000
vt 0.1574 1.0000 1.0000
vt 0.1944 1.0000 1.0000
vt 0.2315 1.0000 1.0000
vt 0.2685 1.0000 1.0000
vt 0.3056 1.0000 1.0000
vt 0.3426 1.0000 1.0000
vt 0.3796 1.0000 1.0000
vt 0.4167 1.0000 1.0000
vt 0.4537 1.0000 1.0000
vt 0.4907 1.0000 1.0000
vt 0.5278 1.0000 1.0000
vt 0.5648 1.0000 1.0000
vt 0.6019 1.0000 1.0000
vt 0.6389 1.0000 1.0000
vt 0.6759 1.0000 1.0000
vt 0.7130 1.0000 1.0000
vt 0.5000 1.0000 0.0000
vt 0.9838 1.0000 0.9461
# 59 texture coords

g Cylinder019
usemtl 03___Default
s 1
f -56/-59/-29 -55/-58/-29 -54/-57/-29 -53/-56/-29 
f -56/-59/-29 -52/-55/-29 -51/-54/-29 -55/-58/-29 
f -56/-59/-29 -50/-53/-29 -49/-52/-29 -52/-55/-29 
f -56/-59/-29 -48/-51/-29 -47/-50/-29 -50/-49/-29 
f -56/-59/-29 -46/-48/-29 -45/-47/-29 -48/-51/-29 
f -56/-59/-29 -44/-46/-29 -43/-45/-29 -46/-48/-29 
f -56/-59/-29 -42/-44/-29 -41/-43/-29 -44/-46/-29 
f -56/-59/-29 -40/-42/-29 -39/-41/-29 -42/-44/-29 
f -56/-59/-29 -38/-40/-29 -37/-39/-29 -40/-42/-29 
f -56/-59/-29 -36/-38/-29 -35/-37/-29 -38/-40/-29 
f -56/-59/-29 -34/-36/-29 -33/-35/-29 -36/-38/-29 
f -56/-59/-29 -32/-34/-29 -31/-33/-29 -34/-36/-29 
f -56/-59/-29 -30/-32/-29 -29/-31/-29 -32/-34/-29 
f -56/-59/-29 -53/-56/-29 -30/-32/-29 
s 8
f -53/-56/-28 -54/-57/-27 -28/-30/-27 -27/-29/-28 
f -54/-57/-27 -55/-58/-26 -26/-28/-26 -28/-30/-27 
f -55/-58/-26 -51/-54/-25 -25/-27/-25 -26/-28/-26 
f -51/-54/-25 -52/-55/-24 -24/-26/-24 -25/-27/-25 
f -52/-55/-24 -49/-52/-23 -23/-25/-23 -24/-26/-24 
f -49/-52/-23 -50/-53/-22 -22/-24/-22 -23/-25/-23 
f -50/-49/-22 -47/-50/-21 -21/-23/-21 -22/-22/-22 
f -47/-50/-21 -48/-51/-20 -20/-21/-20 -21/-23/-21 
f -48/-51/-20 -45/-47/-19 -19/-20/-19 -20/-21/-20 
f -45/-47/-19 -46/-48/-18 -18/-19/-18 -19/-20/-19 
f -46/-48/-18 -43/-45/-17 -17/-18/-17 -18/-19/-18 
f -43/-45/-17 -44/-46/-16 -16/-17/-16 -17/-18/-17 
f -44/-46/-16 -41/-43/-15 -15/-16/-15 -16/-17/-16 
f -41/-43/-15 -42/-44/-14 -14/-15/-14 -15/-16/-15 
f -42/-44/-14 -39/-41/-13 -13/-14/-13 -14/-15/-14 
f -39/-41/-13 -40/-42/-12 -12/-13/-12 -13/-14/-13 
f -40/-42/-12 -37/-39/-11 -11/-12/-11 -12/-13/-12 
f -37/-39/-11 -38/-40/-10 -10/-11/-10 -11/-12/-11 
f -38/-40/-10 -35/-37/-9 -9/-10/-9 -10/-11/-10 
f -35/-37/-9 -36/-38/-8 -8/-9/-8 -9/-10/-9 
f -36/-38/-8 -33/-35/-7 -7/-8/-7 -8/-9/-8 
f -33/-35/-7 -34/-36/-6 -6/-7/-6 -7/-8/-7 
f -34/-36/-6 -31/-33/-5 -5/-6/-5 -6/-7/-6 
f -31/-33/-5 -32/-34/-4 -4/-5/-4 -5/-6/-5 
f -32/-34/-4 -29/-31/-3 -3/-4/-3 -4/-5/-4 
f -29/-31/-3 -30/-32/-2 -2/-3/-2 -3/-4/-3 
f -30/-32/-2 -53/-56/-28 -27/-29/-28 -2/-3/-2 
s 1
f -1/-2/-1 -2/-3/-1 -27/-29/-1 -28/-30/-1 
f -1/-2/-1 -28/-30/-1 -26/-28/-1 -25/-27/-1 
f -1/-2/-1 -25/-27/-1 -24/-26/-1 -23/-25/-1 
f -1/-2/-1 -23/-25/-1 -22/-24/-1 -21/-1/-1 
f -1/-2/-1 -21/-23/-1 -20/-21/-1 -19/-20/-1 
f -1/-2/-1 -19/-20/-1 -18/-19/-1 -17/-18/-1 
f -1/-2/-1 -17/-18/-1 -16/-17/-1 -15/-16/-1 
f -1/-2/-1 -15/-16/-1 -14/-15/-1 -13/-14/-1 
f -1/-2/-1 -13/-14/-1 -12/-13/-1 -11/-12/-1 
f -1/-2/-1 -11/-12/-1 -10/-11/-1 -9/-10/-1 
f -1/-2/-1 -9/-10/-1 -8/-9/-1 -7/-8/-1 
f -1/-2/-1 -7/-8/-1 -6/-7/-1 -5/-6/-1 
f -1/-2/-1 -5/-6/-1 -4/-5/-1 -3/-4/-1 
f -1/-2/-1 -3/-4/-1 -2/-3/-1 
# 53 polygons - 2 triangles

#
# object Box20189
#

v  -634.3327 17.7915 2.0643
v  -629.1231 17.7915 0.1681
v  -627.4047 17.7915 4.8893
v  -632.6143 17.7915 6.7855
v  -634.3327 55.1588 2.0643
v  -632.6143 55.1588 6.7855
v  -627.4047 55.1588 4.8893
v  -629.1231 55.1588 0.1681
# 8 vertices

vn 0.0000 -1.0000 -0.0000
vn 0.0000 1.0000 -0.0000
vn -0.9397 0.0000 0.3420
vn 0.3420 0.0000 0.9397
vn 0.9397 0.0000 -0.3420
vn -0.3420 0.0000 -0.9397
# 6 vertex normals

vt 1.0000 0.0000 0.0000
vt 1.0000 1.0000 0.0000
vt 0.0000 1.0000 0.0000
vt 0.0000 0.0000 0.0000
# 4 texture coords

g Box20189
usemtl _crayfishdiffuse
s 2
f -8/-4/-6 -7/-3/-6 -6/-2/-6 -5/-1/-6 
s 4
f -4/-1/-5 -3/-4/-5 -2/-3/-5 -1/-2/-5 
s 8
f -8/-1/-4 -5/-4/-4 -3/-3/-4 -4/-2/-4 
s 16
f -5/-1/-3 -6/-4/-3 -2/-3/-3 -3/-2/-3 
s 32
f -6/-1/-2 -7/-4/-2 -1/-3/-2 -2/-2/-2 
s 64
f -7/-1/-1 -8/-4/-1 -4/-3/-1 -1/-2/-1 
# 6 polygons

#
# object Box20190
#

v  -695.1511 17.7915 -165.0330
v  -689.9415 17.7915 -166.9291
v  -688.2231 17.7915 -162.2079
v  -693.4327 17.7915 -160.3118
v  -695.1511 55.1588 -165.0330
v  -693.4327 55.1588 -160.3118
v  -688.2231 55.1588 -162.2079
v  -689.9415 55.1588 -166.9291
# 8 vertices

vn 0.0000 -1.0000 -0.0000
vn 0.0000 1.0000 -0.0000
vn -0.9397 0.0000 0.3420
vn 0.3420 0.0000 0.9397
vn 0.9397 0.0000 -0.3420
vn -0.3420 0.0000 -0.9397
# 6 vertex normals

vt 1.0000 0.0000 0.0000
vt 1.0000 1.0000 0.0000
vt 0.0000 1.0000 0.0000
vt 0.0000 0.0000 0.0000
# 4 texture coords

g Box20190
usemtl 02___Default
s 2
f -8/-4/-6 -7/-3/-6 -6/-2/-6 -5/-1/-6 
s 4
f -4/-1/-5 -3/-4/-5 -2/-3/-5 -1/-2/-5 
s 8
f -8/-1/-4 -5/-4/-4 -3/-3/-4 -4/-2/-4 
s 16
f -5/-1/-3 -6/-4/-3 -2/-3/-3 -3/-2/-3 
s 32
f -6/-1/-2 -7/-4/-2 -1/-3/-2 -2/-2/-2 
s 64
f -7/-1/-1 -8/-4/-1 -4/-3/-1 -1/-2/-1 
# 6 polygons

#
# object Box20191
#

v  -714.3798 165.4593 -176.4924
v  -714.3719 172.0711 -176.4556
v  -715.2673 172.0711 -176.1463
v  -715.2752 165.4593 -176.1832
v  -714.4507 165.4634 -176.8221
v  -715.3461 165.4634 -176.5128
v  -715.3383 172.0753 -176.4760
v  -714.4427 172.0753 -176.7853
# 8 vertices

vn 0.2103 -0.0124 0.9776
vn -0.2103 0.0124 -0.9776
vn -0.0012 -1.0000 -0.0056
vn -0.9452 0.0000 0.3265
vn 0.0012 1.0000 0.0056
vn 0.9452 -0.0000 -0.3265
# 6 vertex normals

vt 1.0000 0.0000 0.0000
vt 1.0000 1.0000 0.0000
vt 0.0000 1.0000 0.0000
vt 0.0000 0.0000 0.0000
# 4 texture coords

g Box20191
usemtl 03___Default
s 2
f -8/-4/-6 -7/-3/-6 -6/-2/-6 -5/-1/-6 
s 4
f -4/-1/-5 -3/-4/-5 -2/-3/-5 -1/-2/-5 
s 8
f -8/-1/-4 -5/-4/-4 -3/-3/-4 -4/-2/-4 
s 16
f -5/-1/-3 -6/-4/-3 -2/-3/-3 -3/-2/-3 
s 32
f -6/-1/-2 -7/-4/-2 -1/-3/-2 -2/-2/-2 
s 64
f -7/-1/-1 -8/-4/-1 -4/-3/-1 -1/-2/-1 
# 6 polygons

#
# object Cylinder020
#

v  -690.0548 9.5406 -159.3375
v  -686.1428 17.4501 -160.0273
v  -688.0446 18.1530 -159.6919
v  -690.0548 18.3915 -159.3375
v  -683.0631 14.8260 -160.5703
v  -684.4520 16.3208 -160.3254
v  -681.4707 11.0775 -160.8511
v  -682.0511 13.0462 -160.7487
v  -681.7045 7.0021 -160.8098
v  -681.3530 9.0259 -160.8718
v  -683.7147 3.4667 -160.4554
v  -682.5061 5.1151 -160.6685
v  -687.0736 1.2234 -159.8631
v  -685.2650 2.1457 -160.1820
v  -691.0667 0.7494 -159.1590
v  -689.0429 0.7494 -159.5159
v  -694.8446 2.1457 -158.4929
v  -693.0360 1.2234 -158.8118
v  -697.6035 5.1151 -158.0064
v  -696.3950 3.4667 -158.2195
v  -698.7566 9.0259 -157.8031
v  -698.4052 7.0021 -157.8651
v  -698.0585 13.0462 -157.9262
v  -698.6389 11.0775 -157.8239
v  -695.6577 16.3208 -158.3495
v  -697.0465 14.8260 -158.1046
v  -692.0650 18.1529 -158.9830
v  -693.9668 17.4501 -158.6477
v  -689.6595 18.1530 -168.8506
v  -691.6697 18.3915 -168.4961
v  -687.7578 17.4501 -169.1859
v  -686.0669 16.3208 -169.4841
v  -684.6780 14.8260 -169.7289
v  -683.6661 13.0462 -169.9074
v  -683.0856 11.0775 -170.0097
v  -682.9680 9.0259 -170.0305
v  -683.3194 7.0021 -169.9685
v  -684.1210 5.1151 -169.8272
v  -685.3296 3.4667 -169.6141
v  -686.8799 2.1457 -169.3407
v  -688.6885 1.2234 -169.0218
v  -690.6578 0.7494 -168.6745
v  -692.6816 0.7494 -168.3177
v  -694.6509 1.2234 -167.9704
v  -696.4595 2.1457 -167.6516
v  -698.0099 3.4667 -167.3782
v  -699.2184 5.1151 -167.1651
v  -700.0200 7.0021 -167.0237
v  -700.3715 9.0259 -166.9618
v  -700.2538 11.0775 -166.9825
v  -699.6733 13.0462 -167.0849
v  -698.6614 14.8260 -167.2633
v  -697.2726 16.3208 -167.5082
v  -695.5817 17.4501 -167.8063
v  -693.6799 18.1529 -168.1417
v  -691.6697 9.5406 -168.4961
# 56 vertices

vn 0.1736 0.0000 0.9848
vn -0.0000 1.0000 0.0000
vn 0.2271 0.9730 -0.0400
vn 0.4420 0.8936 -0.0779
vn 0.6330 0.7660 -0.1116
vn 0.7899 0.5972 -0.1393
vn 0.9043 0.3961 -0.1594
vn 0.9698 0.1736 -0.1710
vn 0.9831 -0.0581 -0.1734
vn 0.9434 -0.2868 -0.1664
vn 0.8529 -0.5000 -0.1504
vn 0.7163 -0.6862 -0.1263
vn 0.5412 -0.8355 -0.0954
vn 0.3368 -0.9397 -0.0594
vn 0.1143 -0.9932 -0.0202
vn -0.1143 -0.9932 0.0202
vn -0.3368 -0.9397 0.0594
vn -0.5412 -0.8355 0.0954
vn -0.7163 -0.6862 0.1263
vn -0.8529 -0.5000 0.1504
vn -0.9434 -0.2868 0.1664
vn -0.9831 -0.0581 0.1734
vn -0.9698 0.1736 0.1710
vn -0.9043 0.3961 0.1594
vn -0.7899 0.5972 0.1393
vn -0.6330 0.7660 0.1116
vn -0.4420 0.8936 0.0779
vn -0.2271 0.9730 0.0400
vn -0.1736 -0.0000 -0.9848
# 29 vertex normals

vt 0.5000 0.0000 0.0000
vt 0.8241 0.0000 1.0000
vt 0.7870 0.0000 1.0000
vt 0.7500 0.0000 1.0000
vt 0.8981 0.0000 1.0000
vt 0.8611 0.0000 1.0000
vt 0.9722 0.0000 1.0000
vt 0.9352 0.0000 1.0000
vt 0.0463 0.0000 1.0000
vt 0.0093 0.0000 1.0000
vt -0.0278 0.0000 1.0000
vt 0.1204 0.0000 1.0000
vt 0.0833 0.0000 1.0000
vt 0.1944 0.0000 1.0000
vt 0.1574 0.0000 1.0000
vt 0.2685 0.0000 1.0000
vt 0.2315 0.0000 1.0000
vt 0.3426 0.0000 1.0000
vt 0.3056 0.0000 1.0000
vt 0.4167 0.0000 1.0000
vt 0.3796 0.0000 1.0000
vt 0.4907 0.0000 1.0000
vt 0.4537 0.0000 1.0000
vt 0.5648 0.0000 1.0000
vt 0.5278 0.0000 1.0000
vt 0.6389 0.0000 1.0000
vt 0.6019 0.0000 1.0000
vt 0.7130 0.0000 1.0000
vt 0.6759 0.0000 1.0000
vt 0.7870 1.0000 1.0000
vt 0.7500 1.0000 1.0000
vt 0.8241 1.0000 1.0000
vt 0.8611 1.0000 1.0000
vt 0.8981 1.0000 1.0000
vt 0.9352 1.0000 1.0000
vt 0.9722 1.0000 1.0000
vt 0.0093 1.0000 1.0000
vt -0.0278 1.0000 1.0000
vt 0.0463 1.0000 1.0000
vt 0.0833 1.0000 1.0000
vt 0.1204 1.0000 1.0000
vt 0.1574 1.0000 1.0000
vt 0.1944 1.0000 1.0000
vt 0.2315 1.0000 1.0000
vt 0.2685 1.0000 1.0000
vt 0.3056 1.0000 1.0000
vt 0.3426 1.0000 1.0000
vt 0.3796 1.0000 1.0000
vt 0.4167 1.0000 1.0000
vt 0.4537 1.0000 1.0000
vt 0.4907 1.0000 1.0000
vt 0.5278 1.0000 1.0000
vt 0.5648 1.0000 1.0000
vt 0.6019 1.0000 1.0000
vt 0.6389 1.0000 1.0000
vt 0.6759 1.0000 1.0000
vt 0.7130 1.0000 1.0000
vt 0.5000 1.0000 0.0000
vt 0.9838 1.0000 0.9461
# 59 texture coords

g Cylinder020
usemtl 02___Default
s 1
f -56/-59/-29 -55/-58/-29 -54/-57/-29 -53/-56/-29 
f -56/-59/-29 -52/-55/-29 -51/-54/-29 -55/-58/-29 
f -56/-59/-29 -50/-53/-29 -49/-52/-29 -52/-55/-29 
f -56/-59/-29 -48/-51/-29 -47/-50/-29 -50/-49/-29 
f -56/-59/-29 -46/-48/-29 -45/-47/-29 -48/-51/-29 
f -56/-59/-29 -44/-46/-29 -43/-45/-29 -46/-48/-29 
f -56/-59/-29 -42/-44/-29 -41/-43/-29 -44/-46/-29 
f -56/-59/-29 -40/-42/-29 -39/-41/-29 -42/-44/-29 
f -56/-59/-29 -38/-40/-29 -37/-39/-29 -40/-42/-29 
f -56/-59/-29 -36/-38/-29 -35/-37/-29 -38/-40/-29 
f -56/-59/-29 -34/-36/-29 -33/-35/-29 -36/-38/-29 
f -56/-59/-29 -32/-34/-29 -31/-33/-29 -34/-36/-29 
f -56/-59/-29 -30/-32/-29 -29/-31/-29 -32/-34/-29 
f -56/-59/-29 -53/-56/-29 -30/-32/-29 
s 8
f -53/-56/-28 -54/-57/-27 -28/-30/-27 -27/-29/-28 
f -54/-57/-27 -55/-58/-26 -26/-28/-26 -28/-30/-27 
f -55/-58/-26 -51/-54/-25 -25/-27/-25 -26/-28/-26 
f -51/-54/-25 -52/-55/-24 -24/-26/-24 -25/-27/-25 
f -52/-55/-24 -49/-52/-23 -23/-25/-23 -24/-26/-24 
f -49/-52/-23 -50/-53/-22 -22/-24/-22 -23/-25/-23 
f -50/-49/-22 -47/-50/-21 -21/-23/-21 -22/-22/-22 
f -47/-50/-21 -48/-51/-20 -20/-21/-20 -21/-23/-21 
f -48/-51/-20 -45/-47/-19 -19/-20/-19 -20/-21/-20 
f -45/-47/-19 -46/-48/-18 -18/-19/-18 -19/-20/-19 
f -46/-48/-18 -43/-45/-17 -17/-18/-17 -18/-19/-18 
f -43/-45/-17 -44/-46/-16 -16/-17/-16 -17/-18/-17 
f -44/-46/-16 -41/-43/-15 -15/-16/-15 -16/-17/-16 
f -41/-43/-15 -42/-44/-14 -14/-15/-14 -15/-16/-15 
f -42/-44/-14 -39/-41/-13 -13/-14/-13 -14/-15/-14 
f -39/-41/-13 -40/-42/-12 -12/-13/-12 -13/-14/-13 
f -40/-42/-12 -37/-39/-11 -11/-12/-11 -12/-13/-12 
f -37/-39/-11 -38/-40/-10 -10/-11/-10 -11/-12/-11 
f -38/-40/-10 -35/-37/-9 -9/-10/-9 -10/-11/-10 
f -35/-37/-9 -36/-38/-8 -8/-9/-8 -9/-10/-9 
f -36/-38/-8 -33/-35/-7 -7/-8/-7 -8/-9/-8 
f -33/-35/-7 -34/-36/-6 -6/-7/-6 -7/-8/-7 
f -34/-36/-6 -31/-33/-5 -5/-6/-5 -6/-7/-6 
f -31/-33/-5 -32/-34/-4 -4/-5/-4 -5/-6/-5 
f -32/-34/-4 -29/-31/-3 -3/-4/-3 -4/-5/-4 
f -29/-31/-3 -30/-32/-2 -2/-3/-2 -3/-4/-3 
f -30/-32/-2 -53/-56/-28 -27/-29/-28 -2/-3/-2 
s 1
f -1/-2/-1 -2/-3/-1 -27/-29/-1 -28/-30/-1 
f -1/-2/-1 -28/-30/-1 -26/-28/-1 -25/-27/-1 
f -1/-2/-1 -25/-27/-1 -24/-26/-1 -23/-25/-1 
f -1/-2/-1 -23/-25/-1 -22/-24/-1 -21/-1/-1 
f -1/-2/-1 -21/-23/-1 -20/-21/-1 -19/-20/-1 
f -1/-2/-1 -19/-20/-1 -18/-19/-1 -17/-18/-1 
f -1/-2/-1 -17/-18/-1 -16/-17/-1 -15/-16/-1 
f -1/-2/-1 -15/-16/-1 -14/-15/-1 -13/-14/-1 
f -1/-2/-1 -13/-14/-1 -12/-13/-1 -11/-12/-1 
f -1/-2/-1 -11/-12/-1 -10/-11/-1 -9/-10/-1 
f -1/-2/-1 -9/-10/-1 -8/-9/-1 -7/-8/-1 
f -1/-2/-1 -7/-8/-1 -6/-7/-1 -5/-6/-1 
f -1/-2/-1 -5/-6/-1 -4/-5/-1 -3/-4/-1 
f -1/-2/-1 -3/-4/-1 -2/-3/-1 
# 53 polygons - 2 triangles

#
# object Cylinder021
#

v  -714.4756 143.9629 -175.3285
v  -717.9098 145.7714 -174.2451
v  -718.2176 144.8922 -174.1571
v  -718.3236 143.9629 -174.1323
v  -716.7654 147.1951 -174.5883
v  -717.4169 146.5531 -174.3914
v  -715.1339 147.9312 -175.0890
v  -715.9905 147.6629 -174.8251
v  -713.3624 147.8232 -175.6407
v  -714.2418 147.9856 -175.3659
v  -711.8276 146.8939 -176.1259
v  -712.5429 147.4526 -175.8987
v  -710.8562 145.3411 -176.4415
v  -711.2551 146.1772 -176.3102
v  -710.6547 143.4951 -176.5204
v  -710.6524 144.4307 -176.5129
v  -711.2661 141.7487 -176.3457
v  -710.8630 142.5847 -176.4636
v  -712.5602 140.4733 -175.9546
v  -711.8422 141.0320 -176.1729
v  -714.2618 139.9402 -175.4303
v  -713.3816 140.1027 -175.7025
v  -716.0089 140.2629 -174.8844
v  -715.1537 139.9946 -175.1526
v  -717.4298 141.3728 -174.4329
v  -716.7815 140.7307 -174.6401
v  -718.2222 143.0336 -174.1720
v  -717.9188 142.1545 -174.2740
v  -718.5042 144.9003 -175.0790
v  -718.6102 143.9710 -175.0542
v  -718.1964 145.7795 -175.1670
v  -717.7035 146.5611 -175.3134
v  -717.0520 147.2032 -175.5102
v  -716.2771 147.6710 -175.7470
v  -715.4205 147.9393 -176.0109
v  -714.5284 147.9937 -176.2878
v  -713.6489 147.8313 -176.5626
v  -712.8295 147.4607 -176.8206
v  -712.1142 146.9020 -177.0479
v  -711.5417 146.1853 -177.2321
v  -711.1428 145.3492 -177.3635
v  -710.9390 144.4388 -177.4348
v  -710.9413 143.5032 -177.4423
v  -711.1497 142.5928 -177.3856
v  -711.5527 141.7568 -177.2676
v  -712.1288 141.0400 -177.0948
v  -712.8469 140.4814 -176.8765
v  -713.6682 140.1108 -176.6245
v  -714.5485 139.9483 -176.3522
v  -715.4402 140.0027 -176.0745
v  -716.2955 140.2710 -175.8063
v  -717.0681 140.7388 -175.5620
v  -717.7164 141.3809 -175.3548
v  -718.2054 142.1626 -175.1960
v  -718.5088 143.0417 -175.0939
v  -714.7622 143.9710 -176.2504
# 56 vertices

vn 0.2968 -0.0084 0.9549
vn -0.9549 -0.0000 0.2968
vn -0.9286 0.2306 0.2907
vn -0.8522 0.4488 0.2689
vn -0.7299 0.6428 0.2325
vn -0.5682 0.8021 0.1837
vn -0.3759 0.9182 0.1249
vn -0.1634 0.9848 0.0594
vn 0.0580 0.9983 -0.0093
vn 0.2763 0.9580 -0.0775
vn 0.4796 0.8660 -0.1415
vn 0.6571 0.7273 -0.1979
vn 0.7992 0.5495 -0.2436
vn 0.8982 0.3420 -0.2762
vn 0.9488 0.1161 -0.2939
vn 0.9482 -0.1161 -0.2958
vn 0.8965 -0.3420 -0.2817
vn 0.7965 -0.5495 -0.2524
vn 0.6535 -0.7273 -0.2095
vn 0.4753 -0.8660 -0.1554
vn 0.2715 -0.9580 -0.0928
vn 0.0530 -0.9983 -0.0253
vn -0.1683 -0.9848 0.0437
vn -0.3805 -0.9182 0.1102
vn -0.5722 -0.8021 0.1708
vn -0.7331 -0.6428 0.2223
vn -0.8545 -0.4488 0.2617
vn -0.9298 -0.2306 0.2870
vn -0.2968 0.0084 -0.9549
# 29 vertex normals

vt 0.5000 0.0000 0.0000
vt 0.8241 0.0000 1.0000
vt 0.7870 0.0000 1.0000
vt 0.7500 0.0000 1.0000
vt 0.8981 0.0000 1.0000
vt 0.8611 0.0000 1.0000
vt 0.9722 0.0000 1.0000
vt 0.9352 0.0000 1.0000
vt 0.0463 0.0000 1.0000
vt 0.0093 0.0000 1.0000
vt -0.0278 0.0000 1.0000
vt 0.1204 0.0000 1.0000
vt 0.0833 0.0000 1.0000
vt 0.1944 0.0000 1.0000
vt 0.1574 0.0000 1.0000
vt 0.2685 0.0000 1.0000
vt 0.2315 0.0000 1.0000
vt 0.3426 0.0000 1.0000
vt 0.3056 0.0000 1.0000
vt 0.4167 0.0000 1.0000
vt 0.3796 0.0000 1.0000
vt 0.4907 0.0000 1.0000
vt 0.4537 0.0000 1.0000
vt 0.5648 0.0000 1.0000
vt 0.5278 0.0000 1.0000
vt 0.6389 0.0000 1.0000
vt 0.6019 0.0000 1.0000
vt 0.7130 0.0000 1.0000
vt 0.6759 0.0000 1.0000
vt 0.7870 1.0000 1.0000
vt 0.7500 1.0000 1.0000
vt 0.8241 1.0000 1.0000
vt 0.8611 1.0000 1.0000
vt 0.8981 1.0000 1.0000
vt 0.9352 1.0000 1.0000
vt 0.9722 1.0000 1.0000
vt 0.0093 1.0000 1.0000
vt -0.0278 1.0000 1.0000
vt 0.0463 1.0000 1.0000
vt 0.0833 1.0000 1.0000
vt 0.1204 1.0000 1.0000
vt 0.1574 1.0000 1.0000
vt 0.1944 1.0000 1.0000
vt 0.2315 1.0000 1.0000
vt 0.2685 1.0000 1.0000
vt 0.3056 1.0000 1.0000
vt 0.3426 1.0000 1.0000
vt 0.3796 1.0000 1.0000
vt 0.4167 1.0000 1.0000
vt 0.4537 1.0000 1.0000
vt 0.4907 1.0000 1.0000
vt 0.5278 1.0000 1.0000
vt 0.5648 1.0000 1.0000
vt 0.6019 1.0000 1.0000
vt 0.6389 1.0000 1.0000
vt 0.6759 1.0000 1.0000
vt 0.7130 1.0000 1.0000
vt 0.5000 1.0000 0.0000
vt 0.9838 1.0000 0.9461
# 59 texture coords

g Cylinder021
usemtl 03___Default
s 1
f -56/-59/-29 -55/-58/-29 -54/-57/-29 -53/-56/-29 
f -56/-59/-29 -52/-55/-29 -51/-54/-29 -55/-58/-29 
f -56/-59/-29 -50/-53/-29 -49/-52/-29 -52/-55/-29 
f -56/-59/-29 -48/-51/-29 -47/-50/-29 -50/-49/-29 
f -56/-59/-29 -46/-48/-29 -45/-47/-29 -48/-51/-29 
f -56/-59/-29 -44/-46/-29 -43/-45/-29 -46/-48/-29 
f -56/-59/-29 -42/-44/-29 -41/-43/-29 -44/-46/-29 
f -56/-59/-29 -40/-42/-29 -39/-41/-29 -42/-44/-29 
f -56/-59/-29 -38/-40/-29 -37/-39/-29 -40/-42/-29 
f -56/-59/-29 -36/-38/-29 -35/-37/-29 -38/-40/-29 
f -56/-59/-29 -34/-36/-29 -33/-35/-29 -36/-38/-29 
f -56/-59/-29 -32/-34/-29 -31/-33/-29 -34/-36/-29 
f -56/-59/-29 -30/-32/-29 -29/-31/-29 -32/-34/-29 
f -56/-59/-29 -53/-56/-29 -30/-32/-29 
s 8
f -53/-56/-28 -54/-57/-27 -28/-30/-27 -27/-29/-28 
f -54/-57/-27 -55/-58/-26 -26/-28/-26 -28/-30/-27 
f -55/-58/-26 -51/-54/-25 -25/-27/-25 -26/-28/-26 
f -51/-54/-25 -52/-55/-24 -24/-26/-24 -25/-27/-25 
f -52/-55/-24 -49/-52/-23 -23/-25/-23 -24/-26/-24 
f -49/-52/-23 -50/-53/-22 -22/-24/-22 -23/-25/-23 
f -50/-49/-22 -47/-50/-21 -21/-23/-21 -22/-22/-22 
f -47/-50/-21 -48/-51/-20 -20/-21/-20 -21/-23/-21 
f -48/-51/-20 -45/-47/-19 -19/-20/-19 -20/-21/-20 
f -45/-47/-19 -46/-48/-18 -18/-19/-18 -19/-20/-19 
f -46/-48/-18 -43/-45/-17 -17/-18/-17 -18/-19/-18 
f -43/-45/-17 -44/-46/-16 -16/-17/-16 -17/-18/-17 
f -44/-46/-16 -41/-43/-15 -15/-16/-15 -16/-17/-16 
f -41/-43/-15 -42/-44/-14 -14/-15/-14 -15/-16/-15 
f -42/-44/-14 -39/-41/-13 -13/-14/-13 -14/-15/-14 
f -39/-41/-13 -40/-42/-12 -12/-13/-12 -13/-14/-13 
f -40/-42/-12 -37/-39/-11 -11/-12/-11 -12/-13/-12 
f -37/-39/-11 -38/-40/-10 -10/-11/-10 -11/-12/-11 
f -38/-40/-10 -35/-37/-9 -9/-10/-9 -10/-11/-10 
f -35/-37/-9 -36/-38/-8 -8/-9/-8 -9/-10/-9 
f -36/-38/-8 -33/-35/-7 -7/-8/-7 -8/-9/-8 
f -33/-35/-7 -34/-36/-6 -6/-7/-6 -7/-8/-7 
f -34/-36/-6 -31/-33/-5 -5/-6/-5 -6/-7/-6 
f -31/-33/-5 -32/-34/-4 -4/-5/-4 -5/-6/-5 
f -32/-34/-4 -29/-31/-3 -3/-4/-3 -4/-5/-4 
f -29/-31/-3 -30/-32/-2 -2/-3/-2 -3/-4/-3 
f -30/-32/-2 -53/-56/-28 -27/-29/-28 -2/-3/-2 
s 1
f -1/-2/-1 -2/-3/-1 -27/-29/-1 -28/-30/-1 
f -1/-2/-1 -28/-30/-1 -26/-28/-1 -25/-27/-1 
f -1/-2/-1 -25/-27/-1 -24/-26/-1 -23/-25/-1 
f -1/-2/-1 -23/-25/-1 -22/-24/-1 -21/-1/-1 
f -1/-2/-1 -21/-23/-1 -20/-21/-1 -19/-20/-1 
f -1/-2/-1 -19/-20/-1 -18/-19/-1 -17/-18/-1 
f -1/-2/-1 -17/-18/-1 -16/-17/-1 -15/-16/-1 
f -1/-2/-1 -15/-16/-1 -14/-15/-1 -13/-14/-1 
f -1/-2/-1 -13/-14/-1 -12/-13/-1 -11/-12/-1 
f -1/-2/-1 -11/-12/-1 -10/-11/-1 -9/-10/-1 
f -1/-2/-1 -9/-10/-1 -8/-9/-1 -7/-8/-1 
f -1/-2/-1 -7/-8/-1 -6/-7/-1 -5/-6/-1 
f -1/-2/-1 -5/-6/-1 -4/-5/-1 -3/-4/-1 
f -1/-2/-1 -3/-4/-1 -2/-3/-1 
# 53 polygons - 2 triangles

#
# object Cylinder022
#

v  -714.4756 156.3272 -175.3285
v  -717.9098 158.1357 -174.2451
v  -718.2176 157.2565 -174.1571
v  -718.3236 156.3272 -174.1323
v  -716.7654 159.5594 -174.5883
v  -717.4169 158.9173 -174.3914
v  -715.1339 160.2955 -175.0890
v  -715.9905 160.0272 -174.8251
v  -713.3624 160.1875 -175.6407
v  -714.2418 160.3499 -175.3659
v  -711.8276 159.2582 -176.1259
v  -712.5429 159.8169 -175.8987
v  -710.8562 157.7054 -176.4415
v  -711.2551 158.5415 -176.3102
v  -710.6547 155.8594 -176.5204
v  -710.6524 156.7950 -176.5129
v  -711.2661 154.1129 -176.3457
v  -710.8630 154.9490 -176.4636
v  -712.5602 152.8375 -175.9546
v  -711.8422 153.3962 -176.1729
v  -714.2618 152.3045 -175.4303
v  -713.3816 152.4670 -175.7025
v  -716.0089 152.6272 -174.8844
v  -715.1537 152.3589 -175.1526
v  -717.4298 153.7371 -174.4329
v  -716.7815 153.0950 -174.6401
v  -718.2222 155.3979 -174.1720
v  -717.9188 154.5188 -174.2740
v  -718.5042 157.2646 -175.0790
v  -718.6102 156.3353 -175.0542
v  -718.1964 158.1438 -175.1670
v  -717.7035 158.9254 -175.3134
v  -717.0520 159.5675 -175.5102
v  -716.2771 160.0353 -175.7470
v  -715.4205 160.3036 -176.0109
v  -714.5284 160.3580 -176.2878
v  -713.6489 160.1956 -176.5626
v  -712.8295 159.8250 -176.8206
v  -712.1142 159.2663 -177.0479
v  -711.5417 158.5496 -177.2321
v  -711.1428 157.7135 -177.3635
v  -710.9390 156.8031 -177.4348
v  -710.9413 155.8675 -177.4423
v  -711.1497 154.9571 -177.3856
v  -711.5527 154.1210 -177.2676
v  -712.1288 153.4043 -177.0948
v  -712.8469 152.8456 -176.8765
v  -713.6682 152.4751 -176.6245
v  -714.5485 152.3126 -176.3522
v  -715.4402 152.3670 -176.0745
v  -716.2955 152.6353 -175.8063
v  -717.0681 153.1031 -175.5620
v  -717.7164 153.7452 -175.3548
v  -718.2054 154.5269 -175.1960
v  -718.5088 155.4060 -175.0939
v  -714.7622 156.3353 -176.2504
# 56 vertices

vn 0.2968 -0.0084 0.9549
vn -0.9549 -0.0000 0.2968
vn -0.9286 0.2306 0.2907
vn -0.8522 0.4488 0.2689
vn -0.7299 0.6428 0.2325
vn -0.5682 0.8021 0.1837
vn -0.3759 0.9182 0.1249
vn -0.1634 0.9848 0.0594
vn 0.0580 0.9983 -0.0093
vn 0.2763 0.9580 -0.0775
vn 0.4796 0.8660 -0.1415
vn 0.6571 0.7273 -0.1979
vn 0.7992 0.5495 -0.2436
vn 0.8982 0.3420 -0.2762
vn 0.9488 0.1161 -0.2939
vn 0.9482 -0.1161 -0.2958
vn 0.8965 -0.3420 -0.2817
vn 0.7965 -0.5495 -0.2524
vn 0.6535 -0.7273 -0.2095
vn 0.4753 -0.8660 -0.1554
vn 0.2715 -0.9580 -0.0928
vn 0.0530 -0.9983 -0.0253
vn -0.1683 -0.9848 0.0437
vn -0.3805 -0.9182 0.1102
vn -0.5722 -0.8021 0.1708
vn -0.7331 -0.6428 0.2223
vn -0.8545 -0.4488 0.2617
vn -0.9298 -0.2306 0.2870
vn -0.2968 0.0084 -0.9549
# 29 vertex normals

vt 0.5000 0.0000 0.0000
vt 0.8241 0.0000 1.0000
vt 0.7870 0.0000 1.0000
vt 0.7500 0.0000 1.0000
vt 0.8981 0.0000 1.0000
vt 0.8611 0.0000 1.0000
vt 0.9722 0.0000 1.0000
vt 0.9352 0.0000 1.0000
vt 0.0463 0.0000 1.0000
vt 0.0093 0.0000 1.0000
vt -0.0278 0.0000 1.0000
vt 0.1204 0.0000 1.0000
vt 0.0833 0.0000 1.0000
vt 0.1944 0.0000 1.0000
vt 0.1574 0.0000 1.0000
vt 0.2685 0.0000 1.0000
vt 0.2315 0.0000 1.0000
vt 0.3426 0.0000 1.0000
vt 0.3056 0.0000 1.0000
vt 0.4167 0.0000 1.0000
vt 0.3796 0.0000 1.0000
vt 0.4907 0.0000 1.0000
vt 0.4537 0.0000 1.0000
vt 0.5648 0.0000 1.0000
vt 0.5278 0.0000 1.0000
vt 0.6389 0.0000 1.0000
vt 0.6019 0.0000 1.0000
vt 0.7130 0.0000 1.0000
vt 0.6759 0.0000 1.0000
vt 0.7870 1.0000 1.0000
vt 0.7500 1.0000 1.0000
vt 0.8241 1.0000 1.0000
vt 0.8611 1.0000 1.0000
vt 0.8981 1.0000 1.0000
vt 0.9352 1.0000 1.0000
vt 0.9722 1.0000 1.0000
vt 0.0093 1.0000 1.0000
vt -0.0278 1.0000 1.0000
vt 0.0463 1.0000 1.0000
vt 0.0833 1.0000 1.0000
vt 0.1204 1.0000 1.0000
vt 0.1574 1.0000 1.0000
vt 0.1944 1.0000 1.0000
vt 0.2315 1.0000 1.0000
vt 0.2685 1.0000 1.0000
vt 0.3056 1.0000 1.0000
vt 0.3426 1.0000 1.0000
vt 0.3796 1.0000 1.0000
vt 0.4167 1.0000 1.0000
vt 0.4537 1.0000 1.0000
vt 0.4907 1.0000 1.0000
vt 0.5278 1.0000 1.0000
vt 0.5648 1.0000 1.0000
vt 0.6019 1.0000 1.0000
vt 0.6389 1.0000 1.0000
vt 0.6759 1.0000 1.0000
vt 0.7130 1.0000 1.0000
vt 0.5000 1.0000 0.0000
vt 0.9838 1.0000 0.9461
# 59 texture coords

g Cylinder022
usemtl 03___Default
s 1
f -56/-59/-29 -55/-58/-29 -54/-57/-29 -53/-56/-29 
f -56/-59/-29 -52/-55/-29 -51/-54/-29 -55/-58/-29 
f -56/-59/-29 -50/-53/-29 -49/-52/-29 -52/-55/-29 
f -56/-59/-29 -48/-51/-29 -47/-50/-29 -50/-49/-29 
f -56/-59/-29 -46/-48/-29 -45/-47/-29 -48/-51/-29 
f -56/-59/-29 -44/-46/-29 -43/-45/-29 -46/-48/-29 
f -56/-59/-29 -42/-44/-29 -41/-43/-29 -44/-46/-29 
f -56/-59/-29 -40/-42/-29 -39/-41/-29 -42/-44/-29 
f -56/-59/-29 -38/-40/-29 -37/-39/-29 -40/-42/-29 
f -56/-59/-29 -36/-38/-29 -35/-37/-29 -38/-40/-29 
f -56/-59/-29 -34/-36/-29 -33/-35/-29 -36/-38/-29 
f -56/-59/-29 -32/-34/-29 -31/-33/-29 -34/-36/-29 
f -56/-59/-29 -30/-32/-29 -29/-31/-29 -32/-34/-29 
f -56/-59/-29 -53/-56/-29 -30/-32/-29 
s 8
f -53/-56/-28 -54/-57/-27 -28/-30/-27 -27/-29/-28 
f -54/-57/-27 -55/-58/-26 -26/-28/-26 -28/-30/-27 
f -55/-58/-26 -51/-54/-25 -25/-27/-25 -26/-28/-26 
f -51/-54/-25 -52/-55/-24 -24/-26/-24 -25/-27/-25 
f -52/-55/-24 -49/-52/-23 -23/-25/-23 -24/-26/-24 
f -49/-52/-23 -50/-53/-22 -22/-24/-22 -23/-25/-23 
f -50/-49/-22 -47/-50/-21 -21/-23/-21 -22/-22/-22 
f -47/-50/-21 -48/-51/-20 -20/-21/-20 -21/-23/-21 
f -48/-51/-20 -45/-47/-19 -19/-20/-19 -20/-21/-20 
f -45/-47/-19 -46/-48/-18 -18/-19/-18 -19/-20/-19 
f -46/-48/-18 -43/-45/-17 -17/-18/-17 -18/-19/-18 
f -43/-45/-17 -44/-46/-16 -16/-17/-16 -17/-18/-17 
f -44/-46/-16 -41/-43/-15 -15/-16/-15 -16/-17/-16 
f -41/-43/-15 -42/-44/-14 -14/-15/-14 -15/-16/-15 
f -42/-44/-14 -39/-41/-13 -13/-14/-13 -14/-15/-14 
f -39/-41/-13 -40/-42/-12 -12/-13/-12 -13/-14/-13 
f -40/-42/-12 -37/-39/-11 -11/-12/-11 -12/-13/-12 
f -37/-39/-11 -38/-40/-10 -10/-11/-10 -11/-12/-11 
f -38/-40/-10 -35/-37/-9 -9/-10/-9 -10/-11/-10 
f -35/-37/-9 -36/-38/-8 -8/-9/-8 -9/-10/-9 
f -36/-38/-8 -33/-35/-7 -7/-8/-7 -8/-9/-8 
f -33/-35/-7 -34/-36/-6 -6/-7/-6 -7/-8/-7 
f -34/-36/-6 -31/-33/-5 -5/-6/-5 -6/-7/-6 
f -31/-33/-5 -32/-34/-4 -4/-5/-4 -5/-6/-5 
f -32/-34/-4 -29/-31/-3 -3/-4/-3 -4/-5/-4 
f -29/-31/-3 -30/-32/-2 -2/-3/-2 -3/-4/-3 
f -30/-32/-2 -53/-56/-28 -27/-29/-28 -2/-3/-2 
s 1
f -1/-2/-1 -2/-3/-1 -27/-29/-1 -28/-30/-1 
f -1/-2/-1 -28/-30/-1 -26/-28/-1 -25/-27/-1 
f -1/-2/-1 -25/-27/-1 -24/-26/-1 -23/-25/-1 
f -1/-2/-1 -23/-25/-1 -22/-24/-1 -21/-1/-1 
f -1/-2/-1 -21/-23/-1 -20/-21/-1 -19/-20/-1 
f -1/-2/-1 -19/-20/-1 -18/-19/-1 -17/-18/-1 
f -1/-2/-1 -17/-18/-1 -16/-17/-1 -15/-16/-1 
f -1/-2/-1 -15/-16/-1 -14/-15/-1 -13/-14/-1 
f -1/-2/-1 -13/-14/-1 -12/-13/-1 -11/-12/-1 
f -1/-2/-1 -11/-12/-1 -10/-11/-1 -9/-10/-1 
f -1/-2/-1 -9/-10/-1 -8/-9/-1 -7/-8/-1 
f -1/-2/-1 -7/-8/-1 -6/-7/-1 -5/-6/-1 
f -1/-2/-1 -5/-6/-1 -4/-5/-1 -3/-4/-1 
f -1/-2/-1 -3/-4/-1 -2/-3/-1 
# 53 polygons - 2 triangles

#
# object Cylinder023
#

v  -720.3179 9.5406 -148.3226
v  -716.7178 17.4501 -150.0014
v  -718.4680 18.1530 -149.1852
v  -720.3179 18.3915 -148.3226
v  -713.8835 14.8260 -151.3230
v  -715.1617 16.3208 -150.7270
v  -712.4181 11.0775 -152.0063
v  -712.9523 13.0462 -151.7572
v  -712.6332 7.0021 -151.9060
v  -712.3098 9.0259 -152.0568
v  -714.4832 3.4667 -151.0434
v  -713.3709 5.1151 -151.5620
v  -717.5743 1.2234 -149.6019
v  -715.9099 2.1457 -150.3781
v  -721.2492 0.7494 -147.8883
v  -719.3867 0.7494 -148.7568
v  -724.7260 2.1457 -146.2671
v  -723.0615 1.2234 -147.0432
v  -727.2650 5.1151 -145.0831
v  -726.1527 3.4667 -145.6018
v  -728.3260 9.0259 -144.5883
v  -728.0026 7.0021 -144.7392
v  -727.6836 13.0462 -144.8879
v  -728.2178 11.0775 -144.6388
v  -725.4742 16.3208 -145.9182
v  -726.7523 14.8260 -145.3222
v  -722.1678 18.1529 -147.4599
v  -723.9181 17.4501 -146.6438
v  -722.3983 18.1530 -157.6138
v  -724.2482 18.3915 -156.7512
v  -720.6481 17.4501 -158.4300
v  -719.0920 16.3208 -159.1556
v  -717.8138 14.8260 -159.7516
v  -716.8826 13.0462 -160.1859
v  -716.3484 11.0775 -160.4350
v  -716.2401 9.0259 -160.4854
v  -716.5635 7.0021 -160.3346
v  -717.3013 5.1151 -159.9906
v  -718.4135 3.4667 -159.4720
v  -719.8403 2.1457 -158.8067
v  -721.5047 1.2234 -158.0305
v  -723.3170 0.7494 -157.1855
v  -725.1795 0.7494 -156.3169
v  -726.9918 1.2234 -155.4718
v  -728.6563 2.1457 -154.6957
v  -730.0830 3.4667 -154.0304
v  -731.1953 5.1151 -153.5117
v  -731.9330 7.0021 -153.1678
v  -732.2564 9.0259 -153.0169
v  -732.1481 11.0775 -153.0674
v  -731.6139 13.0462 -153.3165
v  -730.6827 14.8260 -153.7508
v  -729.4045 16.3208 -154.3468
v  -727.8484 17.4501 -155.0724
v  -726.0982 18.1529 -155.8885
v  -724.2482 9.5406 -156.7512
# 56 vertices

vn 0.4226 0.0000 0.9063
vn -0.0000 1.0000 0.0000
vn 0.2090 0.9730 -0.0975
vn 0.4068 0.8936 -0.1897
vn 0.5826 0.7660 -0.2717
vn 0.7270 0.5972 -0.3390
vn 0.8322 0.3961 -0.3881
vn 0.8925 0.1736 -0.4162
vn 0.9048 -0.0581 -0.4219
vn 0.8682 -0.2868 -0.4049
vn 0.7849 -0.5000 -0.3660
vn 0.6592 -0.6862 -0.3074
vn 0.4980 -0.8355 -0.2322
vn 0.3100 -0.9397 -0.1445
vn 0.1052 -0.9932 -0.0491
vn -0.1052 -0.9932 0.0491
vn -0.3100 -0.9397 0.1445
vn -0.4980 -0.8355 0.2322
vn -0.6592 -0.6862 0.3074
vn -0.7849 -0.5000 0.3660
vn -0.8682 -0.2868 0.4049
vn -0.9048 -0.0581 0.4219
vn -0.8925 0.1736 0.4162
vn -0.8322 0.3961 0.3881
vn -0.7270 0.5972 0.3390
vn -0.5826 0.7660 0.2717
vn -0.4068 0.8936 0.1897
vn -0.2090 0.9730 0.0975
vn -0.4226 -0.0000 -0.9063
# 29 vertex normals

vt 0.5000 0.0000 0.0000
vt 0.8241 0.0000 1.0000
vt 0.7870 0.0000 1.0000
vt 0.7500 0.0000 1.0000
vt 0.8981 0.0000 1.0000
vt 0.8611 0.0000 1.0000
vt 0.9722 0.0000 1.0000
vt 0.9352 0.0000 1.0000
vt 0.0463 0.0000 1.0000
vt 0.0093 0.0000 1.0000
vt -0.0278 0.0000 1.0000
vt 0.1204 0.0000 1.0000
vt 0.0833 0.0000 1.0000
vt 0.1944 0.0000 1.0000
vt 0.1574 0.0000 1.0000
vt 0.2685 0.0000 1.0000
vt 0.2315 0.0000 1.0000
vt 0.3426 0.0000 1.0000
vt 0.3056 0.0000 1.0000
vt 0.4167 0.0000 1.0000
vt 0.3796 0.0000 1.0000
vt 0.4907 0.0000 1.0000
vt 0.4537 0.0000 1.0000
vt 0.5648 0.0000 1.0000
vt 0.5278 0.0000 1.0000
vt 0.6389 0.0000 1.0000
vt 0.6019 0.0000 1.0000
vt 0.7130 0.0000 1.0000
vt 0.6759 0.0000 1.0000
vt 0.7870 1.0000 1.0000
vt 0.7500 1.0000 1.0000
vt 0.8241 1.0000 1.0000
vt 0.8611 1.0000 1.0000
vt 0.8981 1.0000 1.0000
vt 0.9352 1.0000 1.0000
vt 0.9722 1.0000 1.0000
vt 0.0093 1.0000 1.0000
vt -0.0278 1.0000 1.0000
vt 0.0463 1.0000 1.0000
vt 0.0833 1.0000 1.0000
vt 0.1204 1.0000 1.0000
vt 0.1574 1.0000 1.0000
vt 0.1944 1.0000 1.0000
vt 0.2315 1.0000 1.0000
vt 0.2685 1.0000 1.0000
vt 0.3056 1.0000 1.0000
vt 0.3426 1.0000 1.0000
vt 0.3796 1.0000 1.0000
vt 0.4167 1.0000 1.0000
vt 0.4537 1.0000 1.0000
vt 0.4907 1.0000 1.0000
vt 0.5278 1.0000 1.0000
vt 0.5648 1.0000 1.0000
vt 0.6019 1.0000 1.0000
vt 0.6389 1.0000 1.0000
vt 0.6759 1.0000 1.0000
vt 0.7130 1.0000 1.0000
vt 0.5000 1.0000 0.0000
vt 0.9838 1.0000 0.9461
# 59 texture coords

g Cylinder023
usemtl 02___Default
s 1
f -56/-59/-29 -55/-58/-29 -54/-57/-29 -53/-56/-29 
f -56/-59/-29 -52/-55/-29 -51/-54/-29 -55/-58/-29 
f -56/-59/-29 -50/-53/-29 -49/-52/-29 -52/-55/-29 
f -56/-59/-29 -48/-51/-29 -47/-50/-29 -50/-49/-29 
f -56/-59/-29 -46/-48/-29 -45/-47/-29 -48/-51/-29 
f -56/-59/-29 -44/-46/-29 -43/-45/-29 -46/-48/-29 
f -56/-59/-29 -42/-44/-29 -41/-43/-29 -44/-46/-29 
f -56/-59/-29 -40/-42/-29 -39/-41/-29 -42/-44/-29 
f -56/-59/-29 -38/-40/-29 -37/-39/-29 -40/-42/-29 
f -56/-59/-29 -36/-38/-29 -35/-37/-29 -38/-40/-29 
f -56/-59/-29 -34/-36/-29 -33/-35/-29 -36/-38/-29 
f -56/-59/-29 -32/-34/-29 -31/-33/-29 -34/-36/-29 
f -56/-59/-29 -30/-32/-29 -29/-31/-29 -32/-34/-29 
f -56/-59/-29 -53/-56/-29 -30/-32/-29 
s 8
f -53/-56/-28 -54/-57/-27 -28/-30/-27 -27/-29/-28 
f -54/-57/-27 -55/-58/-26 -26/-28/-26 -28/-30/-27 
f -55/-58/-26 -51/-54/-25 -25/-27/-25 -26/-28/-26 
f -51/-54/-25 -52/-55/-24 -24/-26/-24 -25/-27/-25 
f -52/-55/-24 -49/-52/-23 -23/-25/-23 -24/-26/-24 
f -49/-52/-23 -50/-53/-22 -22/-24/-22 -23/-25/-23 
f -50/-49/-22 -47/-50/-21 -21/-23/-21 -22/-22/-22 
f -47/-50/-21 -48/-51/-20 -20/-21/-20 -21/-23/-21 
f -48/-51/-20 -45/-47/-19 -19/-20/-19 -20/-21/-20 
f -45/-47/-19 -46/-48/-18 -18/-19/-18 -19/-20/-19 
f -46/-48/-18 -43/-45/-17 -17/-18/-17 -18/-19/-18 
f -43/-45/-17 -44/-46/-16 -16/-17/-16 -17/-18/-17 
f -44/-46/-16 -41/-43/-15 -15/-16/-15 -16/-17/-16 
f -41/-43/-15 -42/-44/-14 -14/-15/-14 -15/-16/-15 
f -42/-44/-14 -39/-41/-13 -13/-14/-13 -14/-15/-14 
f -39/-41/-13 -40/-42/-12 -12/-13/-12 -13/-14/-13 
f -40/-42/-12 -37/-39/-11 -11/-12/-11 -12/-13/-12 
f -37/-39/-11 -38/-40/-10 -10/-11/-10 -11/-12/-11 
f -38/-40/-10 -35/-37/-9 -9/-10/-9 -10/-11/-10 
f -35/-37/-9 -36/-38/-8 -8/-9/-8 -9/-10/-9 
f -36/-38/-8 -33/-35/-7 -7/-8/-7 -8/-9/-8 
f -33/-35/-7 -34/-36/-6 -6/-7/-6 -7/-8/-7 
f -34/-36/-6 -31/-33/-5 -5/-6/-5 -6/-7/-6 
f -31/-33/-5 -32/-34/-4 -4/-5/-4 -5/-6/-5 
f -32/-34/-4 -29/-31/-3 -3/-4/-3 -4/-5/-4 
f -29/-31/-3 -30/-32/-2 -2/-3/-2 -3/-4/-3 
f -30/-32/-2 -53/-56/-28 -27/-29/-28 -2/-3/-2 
s 1
f -1/-2/-1 -2/-3/-1 -27/-29/-1 -28/-30/-1 
f -1/-2/-1 -28/-30/-1 -26/-28/-1 -25/-27/-1 
f -1/-2/-1 -25/-27/-1 -24/-26/-1 -23/-25/-1 
f -1/-2/-1 -23/-25/-1 -22/-24/-1 -21/-1/-1 
f -1/-2/-1 -21/-23/-1 -20/-21/-1 -19/-20/-1 
f -1/-2/-1 -19/-20/-1 -18/-19/-1 -17/-18/-1 
f -1/-2/-1 -17/-18/-1 -16/-17/-1 -15/-16/-1 
f -1/-2/-1 -15/-16/-1 -14/-15/-1 -13/-14/-1 
f -1/-2/-1 -13/-14/-1 -12/-13/-1 -11/-12/-1 
f -1/-2/-1 -11/-12/-1 -10/-11/-1 -9/-10/-1 
f -1/-2/-1 -9/-10/-1 -8/-9/-1 -7/-8/-1 
f -1/-2/-1 -7/-8/-1 -6/-7/-1 -5/-6/-1 
f -1/-2/-1 -5/-6/-1 -4/-5/-1 -3/-4/-1 
f -1/-2/-1 -3/-4/-1 -2/-3/-1 
# 53 polygons - 2 triangles

#
# object Box20192
#

v  -725.4143 17.7915 -154.0181
v  -720.2047 17.7915 -155.9142
v  -718.4863 17.7915 -151.1930
v  -723.6959 17.7915 -149.2969
v  -725.4143 55.1588 -154.0181
v  -723.6959 55.1588 -149.2969
v  -718.4863 55.1588 -151.1930
v  -720.2047 55.1588 -155.9142
# 8 vertices

vn 0.0000 -1.0000 -0.0000
vn 0.0000 1.0000 -0.0000
vn -0.9397 0.0000 0.3420
vn 0.3420 0.0000 0.9397
vn 0.9397 0.0000 -0.3420
vn -0.3420 0.0000 -0.9397
# 6 vertex normals

vt 1.0000 0.0000 0.0000
vt 1.0000 1.0000 0.0000
vt 0.0000 1.0000 0.0000
vt 0.0000 0.0000 0.0000
# 4 texture coords

g Box20192
usemtl 02___Default
s 2
f -8/-4/-6 -7/-3/-6 -6/-2/-6 -5/-1/-6 
s 4
f -4/-1/-5 -3/-4/-5 -2/-3/-5 -1/-2/-5 
s 8
f -8/-1/-4 -5/-4/-4 -3/-3/-4 -4/-2/-4 
s 16
f -5/-1/-3 -6/-4/-3 -2/-3/-3 -3/-2/-3 
s 32
f -6/-1/-2 -7/-4/-2 -1/-3/-2 -2/-2/-2 
s 64
f -7/-1/-1 -8/-4/-1 -4/-3/-1 -1/-2/-1 
# 6 polygons

#
# object Box20193
#

v  -674.9163 32.5746 -68.0002
v  -676.1437 36.3223 -71.3725
v  -664.4276 37.1181 -75.5815
v  -661.6121 33.4736 -72.8425
v  -673.6889 28.8269 -64.6280
v  -658.7967 29.8291 -70.1035
v  -688.6166 29.8291 -59.2500
v  -688.2205 33.4736 -63.1579
v  -687.8243 37.1181 -67.0658
v  -674.9163 206.8241 -68.0002
v  -676.1437 203.0764 -71.3725
v  -687.8243 202.2805 -67.0658
v  -688.2205 205.9250 -63.1579
v  -673.6889 210.5718 -64.6280
v  -688.6166 209.5695 -59.2500
v  -658.7967 209.5695 -70.1035
v  -661.6121 205.9250 -72.8425
v  -664.4276 202.2805 -75.5815
v  -697.0782 119.6993 -59.9339
v  -696.4305 119.6993 -63.5466
v  -695.7236 61.1458 -63.8592
v  -696.4148 58.8510 -60.1754
v  -697.7260 119.6993 -56.3212
v  -697.1060 56.5561 -56.4916
v  -697.1060 182.8425 -56.4916
v  -696.4148 180.5476 -60.1754
v  -695.7236 178.2528 -63.8592
v  -640.2263 119.6993 27.3100
v  -658.1143 119.6993 33.1497
v  -658.2446 50.7937 32.6380
v  -640.4419 50.7412 26.7175
v  -622.7695 119.6993 20.2853
v  -622.9986 50.7937 19.8095
v  -622.9986 188.6049 19.8095
v  -640.4419 188.6574 26.7175
v  -658.2446 188.6049 32.6380
v  -648.0954 119.6993 -63.2661
v  -648.7432 119.6993 -59.6534
v  -649.4501 61.1458 -59.3408
v  -648.7589 58.8510 -63.0246
v  -647.4476 119.6993 -66.8788
v  -648.0676 56.5561 -66.7084
v  -648.0676 182.8425 -66.7084
v  -648.7589 180.5476 -63.0246
v  -649.4501 178.2528 -59.3408
v  -713.6131 119.6993 -174.3188
v  -695.7251 119.6993 -180.1585
v  -695.5947 50.7937 -179.6467
v  -713.3975 50.7412 -173.7263
v  -731.0698 119.6993 -167.2941
v  -730.8408 50.7937 -166.8183
v  -730.8408 188.6049 -166.8183
v  -713.3975 188.6574 -173.7263
v  -695.5947 188.6049 -179.6467
v  -642.4296 23.5515 21.2563
v  -643.1338 24.0547 19.3216
v  -625.7442 24.7360 12.9785
v  -624.7572 24.1820 14.8241
v  -641.8554 24.1820 22.8340
v  -624.2504 24.7075 16.3703
v  -659.4963 24.7075 29.1988
v  -660.1020 24.1820 27.6885
v  -660.5322 24.7360 25.6404
v  -646.9625 32.5746 8.8024
v  -648.1899 36.3223 5.4301
v  -636.4738 37.1181 1.2210
v  -633.6583 33.4736 3.9600
v  -645.6494 28.3236 12.4102
v  -630.4832 29.2751 6.8210
v  -660.8599 29.2751 17.8773
v  -660.2667 33.4736 13.6447
v  -659.8705 37.1181 9.7368
v  -651.6215 32.5746 -3.9981
v  -652.8488 28.8269 -7.3703
v  -637.9211 29.8291 -12.7483
v  -638.3173 33.4736 -8.8404
v  -650.3940 36.3223 -0.6258
v  -638.7134 37.1181 -4.9325
v  -662.1102 37.1181 3.5832
v  -664.9256 33.4736 0.8443
v  -667.7411 29.8291 -1.8947
v  -656.2804 32.5746 -16.7985
v  -657.5078 36.3223 -20.1707
v  -645.7917 37.1181 -24.3798
v  -642.9763 33.4736 -21.6408
v  -655.0530 28.8269 -13.4262
v  -640.1608 29.8291 -18.9018
v  -669.9808 29.8291 -8.0482
v  -669.5846 33.4736 -11.9562
v  -669.1884 37.1181 -15.8641
v  -660.9394 32.5746 -29.5989
v  -662.1668 28.8269 -32.9712
v  -647.2391 29.8291 -38.3492
v  -647.6353 33.4736 -34.4412
v  -659.7120 36.3223 -26.2267
v  -648.0314 37.1181 -30.5333
v  -671.4281 37.1181 -22.0176
v  -674.2435 33.4736 -24.7566
v  -677.0590 29.8291 -27.4956
v  -665.5984 32.5746 -42.3994
v  -666.8257 36.3223 -45.7716
v  -655.1097 37.1181 -49.9807
v  -652.2942 33.4736 -47.2417
v  -664.3710 28.8269 -39.0271
v  -649.4788 29.8291 -44.5027
v  -679.2987 29.8291 -33.6491
v  -678.9025 33.4736 -37.5570
v  -678.5063 37.1181 -41.4650
v  -670.2573 32.5746 -55.1998
v  -671.4847 28.8269 -58.5720
v  -656.5570 29.8291 -63.9500
v  -656.9532 33.4736 -60.0421
v  -669.0300 36.3223 -51.8275
v  -657.3494 37.1181 -56.1342
v  -680.7460 37.1181 -47.6185
v  -683.5615 33.4736 -50.3575
v  -686.3770 29.8291 -53.0965
v  -707.0769 23.5515 -156.3607
v  -703.1231 24.0547 -145.4977
v  -720.5127 24.7360 -139.1547
v  -724.7493 24.1820 -149.9285
v  -710.9008 24.1820 -166.8666
v  -728.5058 24.7075 -160.4030
v  -693.2598 24.7075 -173.2315
v  -689.4045 24.1820 -162.7929
v  -685.7247 24.7360 -151.8164
v  -698.2112 32.5746 -132.0023
v  -696.9838 36.3223 -128.6301
v  -708.6999 37.1181 -124.4210
v  -711.5154 33.4736 -127.1600
v  -699.5244 28.3236 -135.6102
v  -714.6905 29.2751 -130.0211
v  -684.3138 29.2751 -141.0773
v  -684.9070 33.4736 -136.8447
v  -685.3032 37.1181 -132.9367
v  -693.5522 32.5746 -119.2019
v  -692.3248 28.8269 -115.8297
v  -707.2526 29.8291 -110.4517
v  -706.8564 33.4736 -114.3596
v  -694.7796 36.3223 -122.5742
v  -706.4602 37.1181 -118.2675
v  -683.0635 37.1181 -126.7832
v  -680.2480 33.4736 -124.0443
v  -677.4326 29.8291 -121.3053
v  -688.8932 32.5746 -106.4015
v  -687.6658 36.3223 -103.0292
v  -699.3820 37.1181 -98.8202
v  -702.1974 33.4736 -101.5592
v  -690.1207 28.8269 -109.7737
v  -705.0129 29.8291 -104.2982
v  -675.1929 29.8291 -115.1517
v  -675.5891 33.4736 -111.2438
v  -675.9852 37.1181 -107.3359
v  -684.2343 32.5746 -93.6011
v  -683.0069 28.8269 -90.2288
v  -697.9346 29.8291 -84.8508
v  -697.5385 33.4736 -88.7587
v  -685.4617 36.3223 -96.9733
v  -697.1423 37.1181 -92.6667
v  -673.7455 37.1181 -101.1824
v  -670.9301 33.4736 -98.4434
v  -668.1146 29.8291 -95.7044
v  -679.5753 32.5746 -80.8006
v  -678.3479 36.3223 -77.4284
v  -690.0640 37.1181 -73.2193
v  -692.8795 33.4736 -75.9583
v  -680.8027 28.8269 -84.1729
v  -695.6949 29.8291 -78.6973
v  -665.8749 29.8291 -89.5509
v  -666.2711 33.4736 -85.6430
v  -666.6673 37.1181 -81.7350
v  -642.4296 215.8472 21.2563
v  -643.1338 215.3439 19.3216
v  -660.5322 214.6626 25.6403
v  -660.1020 215.2166 27.6885
v  -641.8554 215.2166 22.8340
v  -659.4963 214.6911 29.1988
v  -624.2504 214.6911 16.3703
v  -624.7572 215.2166 14.8241
v  -625.7442 214.6626 12.9786
v  -646.9625 206.8241 8.8024
v  -648.1899 203.0764 5.4301
v  -659.8705 202.2805 9.7367
v  -660.2667 205.9250 13.6447
v  -645.6494 211.0750 12.4102
v  -660.8599 210.1236 17.8773
v  -630.4832 210.1236 6.8211
v  -633.6583 205.9250 3.9600
v  -636.4738 202.2805 1.2211
v  -651.6215 206.8241 -3.9981
v  -652.8488 210.5718 -7.3703
v  -667.7411 209.5695 -1.8947
v  -664.9256 205.9250 0.8443
v  -650.3940 203.0764 -0.6258
v  -662.1102 202.2805 3.5832
v  -638.7134 202.2805 -4.9325
v  -638.3173 205.9250 -8.8404
v  -637.9211 209.5695 -12.7483
v  -656.2804 206.8241 -16.7985
v  -657.5078 203.0764 -20.1707
v  -669.1884 202.2805 -15.8641
v  -669.5846 205.9250 -11.9562
v  -655.0530 210.5718 -13.4262
v  -669.9808 209.5695 -8.0482
v  -640.1608 209.5695 -18.9018
v  -642.9763 205.9250 -21.6408
v  -645.7917 202.2805 -24.3798
v  -660.9394 206.8241 -29.5989
v  -662.1668 210.5718 -32.9712
v  -677.0590 209.5695 -27.4956
v  -674.2435 205.9250 -24.7566
v  -659.7120 203.0764 -26.2267
v  -671.4281 202.2805 -22.0176
v  -648.0314 202.2805 -30.5333
v  -647.6353 205.9250 -34.4412
v  -647.2391 209.5695 -38.3492
v  -665.5984 206.8241 -42.3994
v  -666.8257 203.0764 -45.7716
v  -678.5063 202.2805 -41.4650
v  -678.9025 205.9250 -37.5570
v  -664.3710 210.5718 -39.0271
v  -679.2987 209.5695 -33.6491
v  -649.4788 209.5695 -44.5027
v  -652.2942 205.9250 -47.2417
v  -655.1097 202.2805 -49.9807
v  -670.2573 206.8241 -55.1998
v  -671.4847 210.5718 -58.5720
v  -686.3770 209.5695 -53.0965
v  -683.5615 205.9250 -50.3575
v  -669.0300 203.0764 -51.8275
v  -680.7460 202.2805 -47.6185
v  -657.3494 202.2805 -56.1342
v  -656.9532 205.9250 -60.0421
v  -656.5570 209.5695 -63.9500
v  -707.0769 215.8472 -156.3607
v  -703.1231 215.3439 -145.4977
v  -685.7247 214.6626 -151.8164
v  -689.4045 215.2166 -162.7929
v  -710.9008 215.2166 -166.8666
v  -693.2598 214.6911 -173.2315
v  -728.5058 214.6911 -160.4030
v  -724.7493 215.2166 -149.9285
v  -720.5127 214.6626 -139.1547
v  -698.2112 206.8241 -132.0023
v  -696.9838 203.0764 -128.6301
v  -685.3032 202.2805 -132.9367
v  -684.9070 205.9250 -136.8447
v  -699.5244 211.0750 -135.6102
v  -684.3138 210.1236 -141.0773
v  -714.6905 210.1236 -130.0210
v  -711.5154 205.9250 -127.1600
v  -708.6999 202.2805 -124.4210
v  -693.5522 206.8241 -119.2019
v  -692.3248 210.5718 -115.8297
v  -677.4326 209.5695 -121.3052
v  -680.2480 205.9250 -124.0442
v  -694.7796 203.0764 -122.5742
v  -683.0635 202.2805 -126.7832
v  -706.4602 202.2805 -118.2675
v  -706.8564 205.9250 -114.3596
v  -707.2526 209.5695 -110.4517
v  -688.8932 206.8241 -106.4015
v  -687.6658 203.0764 -103.0292
v  -675.9852 202.2805 -107.3359
v  -675.5891 205.9250 -111.2438
v  -690.1207 210.5718 -109.7737
v  -675.1929 209.5695 -115.1517
v  -705.0129 209.5695 -104.2982
v  -702.1974 205.9250 -101.5592
v  -699.3820 202.2805 -98.8202
v  -684.2343 206.8241 -93.6011
v  -683.0069 210.5718 -90.2288
v  -668.1146 209.5695 -95.7044
v  -670.9301 205.9250 -98.4434
v  -685.4617 203.0764 -96.9733
v  -673.7455 202.2805 -101.1824
v  -697.1423 202.2805 -92.6667
v  -697.5385 205.9250 -88.7588
v  -697.9346 209.5695 -84.8508
v  -679.5753 206.8241 -80.8006
v  -678.3479 203.0764 -77.4284
v  -666.6673 202.2805 -81.7350
v  -666.2711 205.9250 -85.6430
v  -680.8027 210.5718 -84.1729
v  -665.8749 209.5695 -89.5509
v  -695.6949 209.5695 -78.6973
v  -692.8795 205.9250 -75.9583
v  -690.0640 202.2805 -73.2193
v  -669.9429 119.6993 31.2703
v  -670.3026 119.6993 29.0998
v  -669.7069 51.3724 28.8968
v  -669.3504 50.7412 31.0547
v  -668.7762 119.6993 32.6323
v  -668.3004 50.7937 32.4032
v  -668.3004 188.6049 32.4032
v  -669.3504 188.6574 31.0547
v  -669.7069 188.0262 28.8968
v  -669.1244 119.6993 16.8686
v  -668.4766 119.6993 13.2559
v  -667.7697 61.1458 12.9434
v  -668.4609 58.8510 16.6272
v  -670.1021 119.6993 20.7576
v  -669.4763 55.9249 20.5989
v  -669.4763 183.4737 20.5989
v  -668.4609 180.5476 16.6272
v  -667.7697 178.2528 12.9434
v  -673.7834 119.6993 4.0682
v  -676.6018 119.6993 1.7171
v  -676.0173 56.5561 1.4491
v  -673.1199 58.8510 3.8267
v  -670.9650 119.6993 6.4193
v  -670.2225 61.1458 6.2044
v  -670.2225 178.2528 6.2043
v  -673.1199 180.5476 3.8267
v  -676.0173 182.8425 1.4491
v  -678.4424 119.6993 -8.7322
v  -677.7946 119.6993 -12.3449
v  -677.0876 61.1458 -12.6575
v  -677.7789 58.8510 -8.9737
v  -679.0901 119.6993 -5.1195
v  -678.4701 56.5561 -5.2899
v  -678.4701 182.8425 -5.2899
v  -677.7789 180.5476 -8.9737
v  -677.0876 178.2528 -12.6575
v  -683.1013 119.6993 -21.5326
v  -685.9197 119.6993 -23.8837
v  -685.3353 56.5561 -24.1517
v  -682.4379 58.8510 -21.7741
v  -680.2829 119.6993 -19.1815
v  -679.5405 61.1458 -19.3965
v  -679.5405 178.2528 -19.3965
v  -682.4379 180.5476 -21.7741
v  -685.3353 182.8425 -24.1517
v  -687.7603 119.6993 -34.3331
v  -687.1125 119.6993 -37.9458
v  -686.4056 61.1458 -38.2583
v  -687.0969 58.8510 -34.5746
v  -688.4081 119.6993 -30.7204
v  -687.7881 56.5561 -30.8908
v  -687.7881 182.8425 -30.8908
v  -687.0969 180.5476 -34.5746
v  -686.4056 178.2528 -38.2583
v  -692.4193 119.6993 -47.1335
v  -695.2377 119.6993 -49.4846
v  -694.6532 56.5561 -49.7526
v  -691.7558 58.8510 -47.3750
v  -689.6008 119.6993 -44.7824
v  -688.8585 61.1458 -44.9973
v  -688.8585 178.2528 -44.9974
v  -691.7558 180.5476 -47.3750
v  -694.6532 182.8425 -49.7526
v  -734.5902 119.6993 -146.3466
v  -730.2208 119.6993 -135.5244
v  -729.6341 188.0262 -135.7518
v  -733.9977 188.6574 -146.5623
v  -737.8216 119.6993 -157.0683
v  -737.3098 188.6049 -157.1986
v  -737.3098 50.7937 -157.1986
v  -733.9977 50.7412 -146.5623
v  -729.6341 51.3724 -135.7518
v  -720.3731 119.6993 -123.9361
v  -717.5547 119.6993 -121.5850
v  -716.8123 178.2528 -121.7999
v  -719.7097 180.5476 -124.1775
v  -723.6218 119.6993 -126.2868
v  -723.0405 183.4738 -126.5675
v  -723.0405 55.9249 -126.5675
v  -719.7097 58.8510 -124.1775
v  -716.8123 61.1458 -121.7999
v  -715.7142 119.6993 -111.1356
v  -716.3619 119.6993 -107.5229
v  -715.7419 182.8425 -107.6933
v  -715.0507 180.5476 -111.3771
v  -715.0663 119.6993 -114.7483
v  -714.3595 178.2528 -115.0609
v  -714.3595 61.1458 -115.0609
v  -715.0507 58.8510 -111.3771
v  -715.7419 56.5561 -107.6933
v  -711.0552 119.6993 -98.3352
v  -708.2368 119.6993 -95.9841
v  -707.4943 178.2528 -96.1991
v  -710.3917 180.5476 -98.5767
v  -713.8736 119.6993 -100.6863
v  -713.2891 182.8425 -100.9543
v  -713.2891 56.5561 -100.9543
v  -710.3917 58.8510 -98.5767
v  -707.4943 61.1458 -96.1991
v  -706.3962 119.6993 -85.5348
v  -707.0440 119.6993 -81.9221
v  -706.4240 182.8425 -82.0925
v  -705.7327 180.5476 -85.7763
v  -705.7484 119.6993 -89.1475
v  -705.0415 178.2528 -89.4600
v  -705.0415 61.1458 -89.4600
v  -705.7327 58.8510 -85.7763
v  -706.4240 56.5561 -82.0925
v  -701.7372 119.6993 -72.7344
v  -698.9188 119.6993 -70.3832
v  -698.1764 178.2528 -70.5982
v  -701.0738 180.5476 -72.9758
v  -704.5557 119.6993 -75.0855
v  -703.9711 182.8425 -75.3535
v  -703.9711 56.5561 -75.3535
v  -701.0738 58.8510 -72.9758
v  -698.1764 61.1458 -70.5982
v  -679.5635 119.6993 -166.3747
v  -675.9543 119.6993 -155.2758
v  -676.5500 51.3724 -155.0729
v  -680.1561 50.7412 -166.1591
v  -683.9799 119.6993 -176.6650
v  -684.4557 50.7937 -176.4359
v  -684.4557 188.6049 -176.4359
v  -680.1561 188.6574 -166.1591
v  -676.5500 188.0262 -155.0729
v  -676.0493 119.6993 -140.0686
v  -676.6970 119.6993 -136.4559
v  -677.4039 61.1458 -136.1434
v  -676.7127 58.8510 -139.8271
v  -675.0716 119.6993 -143.9576
v  -675.6974 55.9249 -143.7989
v  -675.6974 183.4737 -143.7989
v  -676.7127 180.5476 -139.8271
v  -677.4039 178.2528 -136.1434
v  -671.3903 119.6993 -127.2682
v  -668.5718 119.6993 -124.9171
v  -669.1564 56.5561 -124.6491
v  -672.0537 58.8510 -127.0267
v  -674.2087 119.6993 -129.6193
v  -674.9511 61.1458 -129.4044
v  -674.9511 178.2528 -129.4044
v  -672.0537 180.5476 -127.0267
v  -669.1564 182.8425 -124.6491
v  -666.7313 119.6993 -114.4678
v  -667.3791 119.6993 -110.8551
v  -668.0860 61.1458 -110.5425
v  -667.3948 58.8510 -114.2263
v  -666.0836 119.6993 -118.0805
v  -666.7036 56.5561 -117.9101
v  -666.7036 182.8425 -117.9101
v  -667.3948 180.5476 -114.2263
v  -668.0860 178.2528 -110.5425
v  -662.0723 119.6993 -101.6674
v  -659.2539 119.6993 -99.3162
v  -659.8384 56.5561 -99.0482
v  -662.7358 58.8510 -101.4259
v  -664.8907 119.6993 -104.0185
v  -665.6332 61.1458 -103.8035
v  -665.6332 178.2528 -103.8035
v  -662.7358 180.5476 -101.4259
v  -659.8384 182.8425 -99.0482
v  -657.4133 119.6993 -88.8669
v  -658.0612 119.6993 -85.2542
v  -658.7681 61.1458 -84.9417
v  -658.0768 58.8510 -88.6254
v  -656.7656 119.6993 -92.4796
v  -657.3856 56.5561 -92.3092
v  -657.3856 182.8425 -92.3092
v  -658.0768 180.5476 -88.6254
v  -658.7680 178.2528 -84.9417
v  -652.7544 119.6993 -76.0665
v  -649.9360 119.6993 -73.7154
v  -650.5204 56.5561 -73.4474
v  -653.4178 58.8510 -75.8250
v  -655.5728 119.6993 -78.4176
v  -656.3152 61.1458 -78.2026
v  -656.3152 178.2528 -78.2026
v  -653.4178 180.5476 -75.8250
v  -650.5204 182.8425 -73.4474
v  -614.9163 119.6993 11.2422
v  -616.0360 119.6993 9.3484
v  -616.6228 188.0262 9.5757
v  -615.5088 188.6574 11.4579
v  -614.9346 119.6993 13.0356
v  -615.4463 188.6049 13.1659
v  -615.4463 50.7937 13.1659
v  -615.5088 50.7412 11.4579
v  -616.6228 51.3724 9.5757
v  -624.8005 119.6993 0.7361
v  -627.6190 119.6993 -1.6150
v  -628.3614 178.2528 -1.4001
v  -625.4640 180.5476 0.9776
v  -621.5518 119.6993 3.0868
v  -622.1332 183.4738 3.3675
v  -622.1332 55.9249 3.3675
v  -625.4640 58.8510 0.9775
v  -628.3614 61.1458 -1.4001
v  -629.4595 119.6993 -12.0644
v  -628.8117 119.6993 -15.6771
v  -629.4318 182.8425 -15.5066
v  -630.1230 180.5476 -11.8229
v  -630.1073 119.6993 -8.4517
v  -630.8142 178.2528 -8.1391
v  -630.8142 61.1458 -8.1391
v  -630.1230 58.8510 -11.8229
v  -629.4318 56.5561 -15.5066
v  -634.1185 119.6993 -24.8648
v  -636.9369 119.6993 -27.2159
v  -637.6793 178.2528 -27.0009
v  -634.7819 180.5476 -24.6233
v  -631.3000 119.6993 -22.5137
v  -631.8846 182.8425 -22.2457
v  -631.8846 56.5561 -22.2457
v  -634.7819 58.8510 -24.6233
v  -637.6793 61.1458 -27.0009
v  -638.7775 119.6993 -37.6652
v  -638.1297 119.6993 -41.2779
v  -638.7497 182.8425 -41.1075
v  -639.4409 180.5476 -37.4237
v  -639.4252 119.6993 -34.0525
v  -640.1321 178.2528 -33.7400
v  -640.1321 61.1458 -33.7400
v  -639.4409 58.8510 -37.4237
v  -638.7497 56.5561 -41.1075
v  -643.4365 119.6993 -50.4656
v  -646.2549 119.6993 -52.8167
v  -646.9973 178.2528 -52.6018
v  -644.0999 180.5476 -50.2242
v  -640.6180 119.6993 -48.1145
v  -641.2025 182.8425 -47.8465
v  -641.2025 56.5561 -47.8465
v  -644.0999 58.8510 -50.2242
v  -646.9973 61.1458 -52.6018
v  -736.8162 26.9144 -162.2948
v  -730.1534 26.2838 -165.3909
v  -735.7746 26.2838 -157.5896
v  -737.6243 50.9514 -162.6717
v  -665.7296 26.9144 33.0137
v  -658.6356 26.2838 31.1027
v  -666.1065 50.9514 33.8219
v  -666.8730 26.2838 31.7160
v  -688.1097 26.9144 -180.0225
v  -695.2037 26.2838 -178.1115
v  -687.7328 50.9514 -180.8307
v  -685.8831 26.2838 -175.7487
v  -617.0232 26.9144 15.2860
v  -623.6859 26.2838 18.3821
v  -616.9816 26.2838 13.5569
v  -616.2150 50.9514 15.6629
v  -736.8162 212.4842 -162.2948
v  -737.6243 188.4473 -162.6717
v  -735.7746 213.1148 -157.5896
v  -730.1534 213.1148 -165.3909
v  -665.7296 212.4842 33.0137
v  -666.1065 188.4473 33.8219
v  -658.6356 213.1148 31.1027
v  -666.8730 213.1148 31.7160
v  -688.1097 212.4842 -180.0225
v  -687.7328 188.4473 -180.8307
v  -695.2037 213.1148 -178.1115
v  -685.8831 213.1148 -175.7487
v  -617.0232 212.4842 15.2860
v  -616.2150 188.4473 15.6629
v  -616.9816 213.1148 13.5569
v  -623.6859 213.1148 18.3821
v  -677.1683 28.8989 -147.7554
v  -678.3369 26.7800 -154.4639
v  -675.3535 53.2662 -148.2502
v  -677.5748 32.1295 -143.3228
v  -684.3070 26.3981 -145.3229
v  -679.0108 40.6174 -131.7426
v  -679.5246 39.5057 -135.2057
v  -676.7756 61.9108 -132.5562
v  -677.1783 39.5057 -128.7595
v  -684.7186 38.3330 -129.6652
v  -669.0775 31.7241 -120.8619
v  -670.9099 32.8358 -123.8451
v  -667.3318 55.7912 -121.4973
v  -668.5636 32.8358 -117.3988
v  -675.7775 28.6142 -118.4233
v  -669.6928 40.6174 -106.1418
v  -670.2067 39.5057 -109.6049
v  -667.4577 61.9108 -106.9553
v  -667.8604 39.5057 -103.1586
v  -675.4007 38.3330 -104.0643
v  -659.7595 31.7241 -95.2611
v  -661.5919 32.8358 -98.2443
v  -658.0139 55.7912 -95.8964
v  -659.2457 32.8358 -91.7980
v  -666.4595 28.6142 -92.8225
v  -660.3749 40.6174 -80.5409
v  -660.8887 39.5057 -84.0040
v  -658.1397 61.9108 -81.3545
v  -658.5425 39.5057 -77.5578
v  -666.0827 38.3330 -78.4635
v  -650.4415 31.7241 -69.6602
v  -652.2739 32.8358 -72.6434
v  -648.6959 55.7912 -70.2956
v  -649.9277 32.8358 -66.1971
v  -657.1416 28.6142 -67.2216
v  -651.0569 40.6174 -54.9401
v  -651.5707 39.5057 -58.4032
v  -648.8218 61.9108 -55.7536
v  -649.2245 39.5057 -51.9569
v  -656.7648 38.3330 -52.8626
v  -641.1236 31.7241 -44.0594
v  -642.9560 32.8358 -47.0425
v  -639.3780 55.7912 -44.6947
v  -640.6097 32.8358 -40.5963
v  -647.8236 28.6142 -41.6208
v  -641.7390 40.6174 -29.3392
v  -642.2528 39.5057 -32.8023
v  -639.5038 61.9108 -30.1527
v  -639.9066 39.5057 -26.3560
v  -647.4468 38.3330 -27.2617
v  -631.8057 31.7241 -18.4585
v  -633.6381 32.8358 -21.4417
v  -630.0601 55.7912 -19.0939
v  -631.2918 32.8358 -14.9954
v  -638.5057 28.6142 -16.0199
v  -632.4210 40.6174 -3.7384
v  -632.9349 39.5057 -7.2015
v  -630.1859 61.9108 -4.5519
v  -630.5886 39.5057 -0.7552
v  -638.1289 38.3330 -1.6609
v  -620.7168 28.8989 7.3438
v  -618.3831 26.7800 10.2579
v  -627.7490 26.3981 10.0690
v  -623.8774 32.1295 4.2095
v  -619.0085 53.2662 6.5562
v  -668.0054 28.8989 24.5554
v  -667.9200 26.7800 28.2879
v  -669.8202 53.2662 25.0502
v  -667.5989 32.1295 20.1228
v  -660.8666 26.3981 22.1229
v  -666.1628 40.6174 8.5427
v  -660.4550 38.3330 6.4652
v  -665.6490 39.5057 12.0058
v  -668.3980 61.9108 9.3562
v  -667.9953 39.5057 5.5595
v  -676.0963 31.7241 -2.3381
v  -669.3962 28.6142 -4.7767
v  -674.2638 32.8358 0.6451
v  -677.8418 55.7912 -1.7027
v  -676.6100 32.8358 -5.8012
v  -675.4808 40.6174 -17.0582
v  -669.7730 38.3330 -19.1357
v  -674.9670 39.5057 -13.5951
v  -677.7160 61.9108 -16.2447
v  -677.3132 39.5057 -20.0414
v  -685.4142 31.7241 -27.9389
v  -678.7141 28.6142 -30.3775
v  -683.5817 32.8358 -24.9557
v  -687.1598 55.7912 -27.3036
v  -685.9280 32.8358 -31.4020
v  -684.7988 40.6174 -42.6591
v  -679.0909 38.3330 -44.7365
v  -684.2850 39.5057 -39.1960
v  -687.0339 61.9108 -41.8455
v  -686.6312 39.5057 -45.6422
v  -694.7321 31.7241 -53.5398
v  -688.0321 28.6142 -55.9784
v  -692.8997 32.8358 -50.5566
v  -696.4777 55.7912 -52.9044
v  -695.2460 32.8358 -57.0029
v  -694.1167 40.6174 -68.2599
v  -688.4089 38.3330 -70.3374
v  -693.6029 39.5057 -64.7968
v  -696.3519 61.9108 -67.4464
v  -695.9492 39.5057 -71.2431
v  -704.0500 31.7241 -79.1406
v  -697.3500 28.6142 -81.5792
v  -702.2177 32.8358 -76.1574
v  -705.7957 55.7912 -78.5053
v  -704.5639 32.8358 -82.6037
v  -703.4347 40.6174 -93.8608
v  -697.7268 38.3330 -95.9382
v  -702.9208 39.5057 -90.3977
v  -705.6698 61.9108 -93.0472
v  -705.2671 39.5057 -96.8439
v  -713.3680 31.7241 -104.7415
v  -706.6680 28.6142 -107.1801
v  -711.5356 32.8358 -101.7583
v  -715.1136 55.7912 -104.1061
v  -713.8818 32.8358 -108.2046
v  -712.7526 40.6174 -119.4616
v  -707.0448 38.3330 -121.5391
v  -712.2388 39.5057 -115.9985
v  -714.9878 61.9108 -118.6481
v  -714.5850 39.5057 -122.4448
v  -724.4568 28.8989 -130.5438
v  -727.8738 26.7800 -136.4339
v  -717.4247 26.3981 -133.2690
v  -721.2963 32.1295 -127.4095
v  -726.1652 53.2662 -129.7562
v  -724.4568 210.4997 -130.5438
v  -727.8738 212.6187 -136.4339
v  -726.1652 186.1325 -129.7562
v  -721.2963 207.2691 -127.4095
v  -717.4247 213.0005 -133.2690
v  -712.7526 198.7813 -119.4616
v  -714.9878 177.4878 -118.6481
v  -712.2388 199.8929 -115.9985
v  -707.0448 201.0656 -121.5391
v  -714.5850 199.8929 -122.4448
v  -713.3680 207.6745 -104.7415
v  -715.1136 183.6075 -104.1061
v  -711.5356 206.5628 -101.7583
v  -706.6680 210.7844 -107.1801
v  -713.8818 206.5628 -108.2046
v  -703.4347 198.7813 -93.8608
v  -705.6698 177.4878 -93.0472
v  -702.9208 199.8929 -90.3977
v  -697.7268 201.0656 -95.9382
v  -705.2671 199.8929 -96.8439
v  -704.0500 207.6745 -79.1406
v  -705.7957 183.6075 -78.5053
v  -702.2177 206.5628 -76.1575
v  -697.3500 210.7844 -81.5792
v  -704.5639 206.5628 -82.6037
v  -694.1167 198.7813 -68.2599
v  -696.3519 177.4878 -67.4464
v  -693.6029 199.8929 -64.7968
v  -688.4089 201.0656 -70.3374
v  -695.9492 199.8929 -71.2431
v  -694.7321 207.6745 -53.5398
v  -696.4777 183.6074 -52.9044
v  -692.8997 206.5628 -50.5566
v  -688.0321 210.7844 -55.9784
v  -695.2460 206.5628 -57.0029
v  -684.7988 198.7813 -42.6591
v  -687.0339 177.4878 -41.8455
v  -684.2850 199.8929 -39.1960
v  -679.0909 201.0656 -44.7365
v  -686.6312 199.8929 -45.6422
v  -685.4142 207.6745 -27.9389
v  -687.1598 183.6074 -27.3036
v  -683.5817 206.5628 -24.9557
v  -678.7141 210.7844 -30.3775
v  -685.9280 206.5628 -31.4020
v  -675.4808 198.7813 -17.0582
v  -677.7160 177.4878 -16.2447
v  -674.9670 199.8929 -13.5951
v  -669.7730 201.0656 -19.1357
v  -677.3132 199.8929 -20.0414
v  -676.0963 207.6745 -2.3381
v  -677.8418 183.6074 -1.7027
v  -674.2638 206.5628 0.6451
v  -669.3962 210.7844 -4.7767
v  -676.6100 206.5628 -5.8012
v  -666.1629 198.7813 8.5426
v  -668.3980 177.4878 9.3562
v  -665.6490 199.8929 12.0058
v  -660.4550 201.0656 6.4652
v  -667.9953 199.8929 5.5595
v  -668.0054 210.4997 24.5554
v  -667.9200 212.6186 28.2878
v  -660.8666 213.0005 22.1229
v  -667.5989 207.2691 20.1228
v  -669.8202 186.1324 25.0502
v  -620.7168 210.4997 7.3438
v  -618.3830 212.6187 10.2579
v  -619.0085 186.1325 6.5562
v  -623.8774 207.2691 4.2095
v  -627.7490 213.0005 10.0691
v  -632.4210 198.7813 -3.7384
v  -630.1859 177.4878 -4.5519
v  -632.9349 199.8929 -7.2015
v  -638.1289 201.0656 -1.6609
v  -630.5886 199.8929 -0.7552
v  -631.8057 207.6745 -18.4585
v  -630.0601 183.6075 -19.0939
v  -633.6381 206.5628 -21.4417
v  -638.5057 210.7844 -16.0199
v  -631.2918 206.5628 -14.9954
v  -641.7390 198.7813 -29.3392
v  -639.5038 177.4878 -30.1527
v  -642.2528 199.8929 -32.8023
v  -647.4468 201.0656 -27.2617
v  -639.9066 199.8929 -26.3561
v  -641.1236 207.6745 -44.0594
v  -639.3780 183.6075 -44.6947
v  -642.9560 206.5628 -47.0425
v  -647.8236 210.7844 -41.6208
v  -640.6097 206.5628 -40.5963
v  -651.0569 198.7813 -54.9401
v  -648.8218 177.4878 -55.7536
v  -651.5707 199.8929 -58.4032
v  -656.7648 201.0656 -52.8626
v  -649.2245 199.8929 -51.9569
v  -650.4415 207.6745 -69.6602
v  -648.6959 183.6074 -70.2956
v  -652.2739 206.5628 -72.6434
v  -657.1416 210.7844 -67.2216
v  -649.9277 206.5628 -66.1971
v  -660.3749 198.7813 -80.5409
v  -658.1397 177.4878 -81.3545
v  -660.8887 199.8929 -84.0040
v  -666.0827 201.0656 -78.4634
v  -658.5425 199.8929 -77.5578
v  -659.7595 207.6745 -95.2611
v  -658.0139 183.6074 -95.8964
v  -661.5919 206.5628 -98.2442
v  -666.4595 210.7844 -92.8225
v  -659.2457 206.5628 -91.7980
v  -669.6928 198.7813 -106.1418
v  -667.4577 177.4878 -106.9553
v  -670.2067 199.8929 -109.6049
v  -675.4007 201.0656 -104.0643
v  -667.8604 199.8929 -103.1586
v  -669.0775 207.6745 -120.8619
v  -667.3318 183.6074 -121.4973
v  -670.9099 206.5628 -123.8451
v  -675.7775 210.7844 -118.4233
v  -668.5636 206.5628 -117.3988
v  -679.0108 198.7813 -131.7426
v  -676.7756 177.4878 -132.5562
v  -679.5246 199.8929 -135.2057
v  -684.7186 201.0656 -129.6652
v  -677.1783 199.8929 -128.7595
v  -677.1683 210.4997 -147.7554
v  -678.3369 212.6186 -154.4639
v  -684.3070 213.0005 -145.3229
v  -677.5748 207.2691 -143.3228
v  -675.3535 186.1324 -148.2502
v  -712.7505 26.0737 -171.9487
v  -681.9337 26.0737 -165.5121
v  -641.0889 26.0737 24.9399
v  -667.5729 26.0737 30.4077
v  -732.2202 213.3250 -147.2093
v  -641.0889 213.3250 24.9399
v  -617.2864 213.3250 12.1049
v  -712.7505 213.3250 -171.9487
v  -666.2321 119.6993 34.0913
v  -737.8937 119.6993 -162.7973
v  -615.9456 119.6993 15.7885
v  -687.6072 119.6993 -181.1001
v  -678.7031 36.1708 -139.1027
v  -674.0441 36.1708 -126.3023
v  -669.3851 36.1708 -113.5019
v  -664.7261 36.1708 -100.7014
v  -660.0672 36.1708 -87.9010
v  -655.4082 36.1708 -75.1006
v  -650.7493 36.1708 -62.3002
v  -646.0903 36.1708 -49.4997
v  -641.4313 36.1708 -36.6993
v  -636.7723 36.1708 -23.8989
v  -632.1133 36.1708 -11.0984
v  -627.4543 36.1708 1.7020
v  -617.2864 26.0737 12.1049
v  -666.4706 36.1708 15.9027
v  -671.1296 36.1708 3.1023
v  -675.7885 36.1708 -9.6981
v  -680.4475 36.1708 -22.4986
v  -685.1065 36.1708 -35.2990
v  -689.7654 36.1708 -48.0994
v  -694.4244 36.1708 -60.8998
v  -699.0834 36.1708 -73.7003
v  -703.7424 36.1708 -86.5007
v  -708.4014 36.1708 -99.3011
v  -713.0603 36.1708 -112.1015
v  -717.7193 36.1708 -124.9020
v  -732.2202 26.0737 -147.2093
v  -717.7193 203.2279 -124.9020
v  -713.0603 203.2279 -112.1016
v  -708.4014 203.2279 -99.3011
v  -703.7424 203.2279 -86.5007
v  -699.0834 203.2279 -73.7003
v  -694.4244 203.2279 -60.8998
v  -689.7654 203.2279 -48.0994
v  -685.1065 203.2279 -35.2990
v  -680.4475 203.2279 -22.4986
v  -675.7885 203.2279 -9.6981
v  -671.1296 203.2279 3.1023
v  -666.4706 203.2279 15.9027
v  -667.5729 213.3250 30.4077
v  -627.4543 203.2279 1.7020
v  -632.1133 203.2279 -11.0984
v  -636.7723 203.2279 -23.8989
v  -641.4313 203.2279 -36.6993
v  -646.0903 203.2279 -49.4997
v  -650.7492 203.2279 -62.3001
v  -655.4082 203.2279 -75.1006
v  -660.0672 203.2279 -87.9010
v  -664.7261 203.2279 -100.7014
v  -669.3851 203.2279 -113.5019
v  -674.0441 203.2279 -126.3023
v  -678.7031 203.2279 -139.1027
v  -681.9337 213.3250 -165.5121
v  -644.2900 25.5645 16.1448
v  -649.2919 37.5715 2.4021
v  -653.9509 27.5776 -10.3983
v  -658.6099 37.5715 -23.1987
v  -663.2689 27.5776 -35.9991
v  -667.9279 37.5715 -48.7996
v  -672.5869 27.5776 -61.6000
v  -700.8836 25.5645 -139.3448
v  -695.8817 37.5715 -125.6021
v  -691.2227 27.5776 -112.8017
v  -686.5638 37.5715 -100.0013
v  -681.9048 27.5776 -87.2009
v  -677.2458 37.5715 -74.4004
v  -644.2900 213.8341 16.1448
v  -649.2919 201.8271 2.4021
v  -653.9509 211.8210 -10.3983
v  -658.6099 201.8271 -23.1987
v  -663.2689 211.8210 -35.9991
v  -667.9279 201.8271 -48.7996
v  -672.5869 211.8210 -61.6000
v  -700.8836 213.8341 -139.3448
v  -695.8817 201.8271 -125.6021
v  -691.2227 211.8210 -112.8017
v  -686.5638 201.8271 -100.0013
v  -681.9048 211.8210 -87.2009
v  -677.2458 201.8271 -74.4004
v  -670.4252 119.6993 25.2151
v  -669.1431 119.6993 9.6274
v  -678.4236 119.6993 -1.4909
v  -678.4611 119.6993 -15.9735
v  -687.7416 119.6993 -27.0918
v  -687.7790 119.6993 -41.5743
v  -697.0596 119.6993 -52.6926
v  -726.7346 119.6993 -129.4937
v  -715.7328 119.6993 -118.3769
v  -715.6955 119.6993 -103.8944
v  -706.4149 119.6993 -92.7761
v  -706.3775 119.6993 -78.2935
v  -697.0969 119.6993 -67.1752
v  -674.7485 119.6993 -148.4151
v  -676.0306 119.6993 -132.8273
v  -666.7500 119.6993 -121.7091
v  -666.7126 119.6993 -107.2265
v  -657.4320 119.6993 -96.1082
v  -657.3947 119.6993 -81.6256
v  -648.1141 119.6993 -70.5073
v  -618.4391 119.6993 6.2937
v  -629.4409 119.6993 -4.8231
v  -629.4782 119.6993 -19.3056
v  -638.7588 119.6993 -30.4239
v  -638.7961 119.6993 -44.9065
v  -648.0767 119.6993 -56.0248
# 930 vertices

vn -0.2053 -0.6878 -0.6962
vn -0.2079 -0.6883 -0.6950
vn -0.2875 -0.6883 -0.6661
vn -0.2903 -0.6878 -0.6653
vn -0.2903 0.6878 -0.6653
vn -0.2875 0.6883 -0.6661
vn -0.2079 0.6883 -0.6950
vn -0.2053 0.6878 -0.6962
vn -0.9829 -0.0104 -0.1837
vn -0.9830 -0.0096 -0.1834
vn -0.9830 0.0096 -0.1834
vn -0.9829 0.0104 -0.1837
vn 0.3129 -0.0084 0.9497
vn 0.3708 -0.0084 0.9287
vn 0.3708 0.0084 0.9287
vn 0.3129 0.0084 0.9497
vn 0.9829 -0.0104 0.1837
vn 0.9830 -0.0096 0.1834
vn 0.9830 0.0096 0.1834
vn 0.9829 0.0104 0.1837
vn -0.3129 -0.0084 -0.9497
vn -0.3708 -0.0084 -0.9287
vn -0.3708 0.0084 -0.9287
vn -0.3129 0.0084 -0.9497
vn -0.0537 -0.9676 -0.2466
vn 0.1407 -0.9434 0.3004
vn 0.0853 -0.9434 0.3206
vn -0.1174 -0.9676 -0.2234
vn -0.2189 -0.6638 -0.7152
vn -0.2920 -0.6638 -0.6886
vn 0.2875 -0.6883 0.6661
vn 0.2903 -0.6878 0.6653
vn 0.2053 -0.6878 0.6962
vn 0.2079 -0.6883 0.6950
vn -0.0172 -0.9983 0.0553
vn -0.0467 -0.9982 -0.0381
vn 0.0112 -0.9982 -0.0592
vn 0.0487 -0.9983 0.0313
vn 0.2189 -0.6638 0.7152
vn 0.2920 -0.6638 0.6886
vn -0.1174 0.9676 -0.2234
vn 0.0853 0.9434 0.3206
vn 0.1407 0.9434 0.3004
vn -0.0537 0.9676 -0.2466
vn -0.2920 0.6638 -0.6886
vn -0.2189 0.6638 -0.7152
vn 0.2079 0.6883 0.6950
vn 0.2053 0.6878 0.6962
vn 0.2903 0.6878 0.6653
vn 0.2875 0.6883 0.6661
vn 0.0487 0.9983 0.0313
vn 0.0112 0.9982 -0.0592
vn -0.0467 0.9982 -0.0381
vn -0.0172 0.9983 0.0553
vn 0.2920 0.6638 0.6886
vn 0.2189 0.6638 0.7152
vn -0.9868 -0.0090 0.1619
vn -0.7740 -0.0080 0.6331
vn -0.7740 0.0080 0.6331
vn -0.9868 0.0090 0.1619
vn -0.9685 -0.0092 -0.2490
vn -0.9685 0.0092 -0.2490
vn -0.6351 -0.0096 0.7723
vn -0.6349 -0.0104 0.7725
vn -0.6349 0.0104 0.7725
vn -0.6351 0.0096 0.7723
vn -0.9272 0.0092 0.3746
vn -0.9561 0.0084 0.2929
vn -0.9561 -0.0084 0.2929
vn -0.9272 -0.0092 0.3746
vn -0.5819 0.0092 0.8132
vn -0.5819 -0.0092 0.8132
vn 0.9510 -0.0092 -0.3090
vn 0.9207 -0.0084 -0.3902
vn 0.9207 0.0084 -0.3902
vn 0.9510 0.0092 -0.3090
vn 0.9685 -0.0092 0.2490
vn 0.9685 0.0092 0.2490
vn 0.6351 -0.0096 -0.7723
vn 0.6349 -0.0104 -0.7725
vn 0.6349 0.0104 -0.7725
vn 0.6351 0.0096 -0.7723
vn 0.8600 0.0090 -0.5102
vn 0.9999 0.0080 -0.0125
vn 0.9999 -0.0080 -0.0125
vn 0.8600 -0.0090 -0.5102
vn 0.5819 0.0092 -0.8132
vn 0.5819 -0.0092 -0.8132
vn -0.2196 -0.9627 -0.1582
vn -0.9906 -0.0479 0.1283
vn -0.4758 -0.0473 -0.8783
vn 0.2000 -0.0473 0.9786
vn -0.6238 -0.0472 0.7801
vn 0.0409 -0.8344 0.5496
vn -0.2000 -0.0473 -0.9786
vn 0.8413 -0.0479 -0.5385
vn 0.0665 -0.9627 -0.2624
vn 0.3219 -0.8344 0.4473
vn 0.9793 -0.0472 0.1966
vn 0.4758 -0.0473 0.8783
vn -0.9906 0.0479 0.1283
vn -0.2196 0.9627 -0.1583
vn -0.4758 0.0473 -0.8783
vn 0.2000 0.0473 0.9786
vn 0.0409 0.8344 0.5496
vn -0.6238 0.0472 0.7801
vn -0.2000 0.0473 -0.9786
vn 0.0665 0.9627 -0.2624
vn 0.8413 0.0479 -0.5385
vn 0.9793 0.0472 0.1966
vn 0.3219 0.8344 0.4473
vn 0.4758 0.0473 0.8783
vn 0.9858 -0.0759 -0.1498
vn 0.9886 -0.0731 0.1320
vn 0.4547 -0.7180 0.5270
vn 0.3538 -0.9152 0.1928
vn 0.9857 -0.1054 -0.1316
vn 0.8397 -0.1054 -0.5327
vn 0.1901 -0.8686 -0.4576
vn 0.4397 -0.8686 0.2284
vn 0.8457 -0.0778 -0.5279
vn 0.9872 -0.0778 -0.1392
vn 0.4695 -0.8554 0.2189
vn 0.2189 -0.8554 -0.4695
vn 0.0450 -0.8222 -0.5673
vn 0.0096 -0.7180 -0.6960
vn 0.6724 -0.0731 -0.7365
vn 0.7559 -0.0731 -0.6506
vn -0.9972 -0.0731 -0.0126
vn -0.9886 -0.0731 -0.1320
vn -0.4547 -0.7180 -0.5270
vn -0.3991 -0.8222 -0.4057
vn -0.4397 -0.8686 -0.2284
vn -0.9857 -0.1054 0.1316
vn -0.8397 -0.1054 0.5327
vn -0.1901 -0.8686 0.4576
vn -0.2189 -0.8554 0.4695
vn -0.8457 -0.0778 0.5279
vn -0.9872 -0.0778 0.1392
vn -0.4695 -0.8554 -0.2189
vn -0.1471 -0.9152 0.3751
vn -0.0096 -0.7180 0.6960
vn -0.6724 -0.0731 0.7365
vn -0.8515 -0.0759 0.5189
vn -0.8515 0.0759 0.5189
vn -0.6724 0.0731 0.7365
vn -0.0096 0.7180 0.6960
vn -0.1471 0.9152 0.3751
vn -0.9857 0.1054 0.1316
vn -0.4397 0.8686 -0.2284
vn -0.1901 0.8686 0.4576
vn -0.8397 0.1054 0.5327
vn -0.8457 0.0778 0.5279
vn -0.2189 0.8554 0.4695
vn -0.4695 0.8554 -0.2189
vn -0.9872 0.0778 0.1392
vn -0.3991 0.8222 -0.4057
vn -0.4547 0.7180 -0.5270
vn -0.9886 0.0731 -0.1320
vn -0.9972 0.0731 -0.0126
vn 0.7559 0.0731 -0.6506
vn 0.6724 0.0731 -0.7365
vn 0.0096 0.7180 -0.6960
vn 0.0450 0.8222 -0.5673
vn 0.9857 0.1054 -0.1316
vn 0.4397 0.8686 0.2284
vn 0.1901 0.8686 -0.4576
vn 0.8397 0.1054 -0.5327
vn 0.8457 0.0778 -0.5279
vn 0.2189 0.8554 -0.4695
vn 0.4695 0.8554 0.2189
vn 0.9872 0.0778 -0.1392
vn 0.8397 0.1054 -0.5328
vn 0.3538 0.9152 0.1928
vn 0.4547 0.7180 0.5270
vn 0.9886 0.0731 0.1320
vn 0.9858 0.0759 -0.1498
vn -0.1255 -0.9506 -0.2838
vn -0.3600 -0.0704 -0.9303
vn -0.3222 -0.0704 -0.9441
vn -0.0863 -0.9506 -0.2981
vn 0.1904 -0.9759 -0.1066
vn 0.9252 -0.0704 -0.3729
vn 0.9495 -0.0765 -0.3044
vn 0.2471 -0.9686 -0.0262
vn 0.2326 -0.7796 0.5814
vn 0.3600 -0.0704 0.9303
vn 0.3222 -0.0704 0.9441
vn 0.1955 -0.7796 0.5949
vn -0.1152 -0.9468 0.3005
vn -0.8300 -0.0691 0.5535
vn -0.9875 -0.0750 0.1390
vn -0.3228 -0.9210 -0.2183
vn -0.2143 0.9759 0.0407
vn -0.9485 0.0704 0.3090
vn -0.9230 0.0765 0.3772
vn -0.2061 0.9686 0.1388
vn 0.1955 0.7796 0.5949
vn 0.3222 0.0704 0.9441
vn 0.3600 0.0704 0.9303
vn 0.2326 0.7796 0.5814
vn 0.2814 0.9468 0.1561
vn 0.9916 0.0691 -0.1095
vn 0.8458 0.0750 -0.5283
vn 0.1070 0.9210 -0.3747
vn -0.0863 0.9506 -0.2981
vn -0.3222 0.0704 -0.9441
vn -0.3600 0.0704 -0.9303
vn -0.1255 0.9506 -0.2838
vn -0.5190 -0.0054 0.8548
vn 0.1318 -0.0056 0.9913
vn 0.1318 0.0056 0.9913
vn -0.5190 0.0054 0.8548
vn -0.9994 0.0057 0.0344
vn -0.5362 0.0056 -0.8441
vn -0.5362 -0.0056 -0.8441
vn -0.9994 -0.0057 0.0344
vn 0.5362 -0.0056 0.8441
vn 0.9470 -0.0054 0.3212
vn 0.9470 0.0054 0.3212
vn 0.5362 0.0056 0.8441
vn 0.7877 -0.0057 -0.6160
vn -0.1318 -0.0056 -0.9913
vn -0.1318 0.0056 -0.9913
vn 0.7877 0.0057 -0.6160
vn 0.4781 -0.5783 0.6611
vn 0.9486 -0.0710 0.3086
vn 0.9644 -0.0800 0.2519
vn 0.4931 -0.6088 0.6214
vn -0.0217 -0.6088 -0.7930
vn 0.5769 -0.0800 -0.8129
vn 0.5810 -0.0736 -0.8105
vn -0.0248 -0.6105 -0.7916
vn 0.4898 -0.6105 0.6224
vn 0.9661 -0.0736 0.2474
vn 0.5283 -0.0710 -0.8461
vn -0.0587 -0.5783 -0.8137
vn 0.1069 -0.9210 -0.3747
vn 0.8458 -0.0750 -0.5283
vn 0.9916 -0.0691 -0.1095
vn 0.2814 -0.9468 0.1561
vn -0.4781 -0.5783 -0.6611
vn -0.9485 -0.0710 -0.3086
vn -0.9644 -0.0800 -0.2519
vn -0.4931 -0.6088 -0.6214
vn 0.0217 -0.6088 0.7930
vn -0.5769 -0.0800 0.8129
vn -0.5810 -0.0736 0.8105
vn 0.0248 -0.6105 0.7916
vn -0.4898 -0.6105 -0.6224
vn -0.9661 -0.0736 -0.2474
vn -0.5283 -0.0710 0.8461
vn 0.0587 -0.5783 0.8137
vn -0.2061 -0.9686 0.1388
vn -0.9230 -0.0765 0.3772
vn -0.9485 -0.0704 0.3090
vn -0.2143 -0.9759 0.0407
vn 0.0587 0.5783 0.8137
vn -0.5283 0.0710 0.8461
vn -0.5769 0.0800 0.8129
vn 0.0217 0.6088 0.7930
vn -0.4931 0.6088 -0.6214
vn -0.9644 0.0800 -0.2519
vn -0.9661 0.0736 -0.2474
vn -0.4898 0.6105 -0.6224
vn 0.0248 0.6105 0.7916
vn -0.5810 0.0736 0.8105
vn -0.9486 0.0710 -0.3086
vn -0.4781 0.5783 -0.6611
vn -0.3228 0.9210 -0.2183
vn -0.9875 0.0750 0.1390
vn -0.8300 0.0691 0.5535
vn -0.1152 0.9468 0.3005
vn -0.0587 0.5783 -0.8137
vn 0.5283 0.0710 -0.8461
vn 0.5769 0.0800 -0.8129
vn -0.0217 0.6088 -0.7930
vn 0.4931 0.6088 0.6214
vn 0.9644 0.0800 0.2519
vn 0.9661 0.0736 0.2474
vn 0.4898 0.6105 0.6224
vn -0.0248 0.6105 -0.7916
vn 0.5810 0.0736 -0.8105
vn 0.9486 0.0710 0.3086
vn 0.4781 0.5783 0.6611
vn 0.2471 0.9686 -0.0262
vn 0.9495 0.0765 -0.3044
vn 0.9252 0.0704 -0.3729
vn 0.1904 0.9759 -0.1066
vn -0.1607 -0.8120 -0.5611
vn -0.1109 -0.9038 -0.4134
vn -0.1807 -0.9038 -0.3880
vn -0.2376 -0.8120 -0.5332
vn 0.1794 -0.9315 0.3163
vn -0.0659 -0.9315 -0.3576
vn -0.1794 -0.9315 -0.3163
vn 0.0659 -0.9315 0.3576
vn -0.0679 -0.9317 -0.3568
vn 0.1773 -0.9317 0.3170
vn 0.0679 -0.9317 0.3568
vn -0.1773 -0.9317 -0.3170
vn 0.1607 -0.8120 0.5611
vn 0.0433 -0.9706 0.2366
vn 0.1189 -0.9706 0.2091
vn 0.2376 -0.8120 0.5332
vn -0.2376 0.8120 -0.5332
vn -0.1807 0.9038 -0.3880
vn -0.1109 0.9038 -0.4134
vn -0.1607 0.8120 -0.5611
vn 0.0659 0.9315 0.3576
vn -0.1794 0.9315 -0.3163
vn -0.0659 0.9315 -0.3576
vn 0.1794 0.9315 0.3163
vn -0.1773 0.9317 -0.3170
vn 0.0679 0.9317 0.3568
vn 0.1773 0.9317 0.3170
vn -0.0679 0.9317 -0.3568
vn -0.0659 0.9315 -0.3577
vn 0.0659 0.9315 0.3577
vn 0.2376 0.8120 0.5332
vn 0.1189 0.9706 0.2091
vn 0.0433 0.9706 0.2366
vn 0.1607 0.8120 0.5611
vn -0.9970 -0.0092 -0.0774
vn -0.9996 -0.0090 0.0283
vn -0.9996 0.0090 0.0283
vn -0.9970 0.0092 -0.0774
vn -0.8668 -0.0132 0.4985
vn -0.9844 -0.0132 0.1752
vn -0.9844 0.0132 0.1752
vn -0.8668 0.0132 0.4985
vn -0.9844 -0.0098 0.1756
vn -0.8670 -0.0098 0.4983
vn -0.8670 0.0098 0.4983
vn -0.9844 0.0098 0.1756
vn -0.7140 0.0092 0.7001
vn -0.8650 0.0092 0.5017
vn -0.8650 -0.0092 0.5017
vn -0.7140 -0.0092 0.7001
vn 0.9970 -0.0092 0.0774
vn 0.9851 -0.0092 -0.1717
vn 0.9851 0.0092 -0.1717
vn 0.9970 0.0092 0.0774
vn 0.8668 -0.0132 -0.4985
vn 0.9844 -0.0132 -0.1752
vn 0.9844 0.0132 -0.1752
vn 0.8668 0.0132 -0.4985
vn 0.9844 -0.0098 -0.1756
vn 0.8670 -0.0098 -0.4983
vn 0.8670 0.0098 -0.4983
vn 0.9844 0.0098 -0.1756
vn 0.7140 0.0092 -0.7001
vn 0.7839 0.0090 -0.6208
vn 0.7839 -0.0090 -0.6208
vn 0.7140 -0.0092 -0.7001
# 355 vertex normals

vt 0.4727 0.4693 0.0000
vt 0.4894 0.4770 0.0000
vt 0.4903 0.8421 0.0000
vt 0.4727 0.8421 0.0000
vt 0.4560 0.4770 0.0000
vt 0.4551 0.8421 0.0000
vt 0.4551 0.0965 0.0000
vt 0.4727 0.0965 0.0000
vt 0.4903 0.0965 0.0000
vt 0.5273 0.5307 0.0000
vt 0.5106 0.5230 0.0000
vt 0.5097 0.1579 0.0000
vt 0.5273 0.1579 0.0000
vt 0.5440 0.5230 0.0000
vt 0.5449 0.1579 0.0000
vt 0.5449 0.9035 0.0000
vt 0.5273 0.9035 0.0000
vt 0.5097 0.9035 0.0000
vt 0.5273 0.5043 0.0000
vt 0.5125 0.5032 0.0000
vt 0.5136 0.0460 0.0000
vt 0.5192 0.1568 0.0000
vt 0.5421 0.5032 0.0000
vt 0.5410 0.0460 0.0000
vt 0.5395 0.8513 0.0000
vt 0.5203 0.8507 0.0000
vt 0.5080 0.8506 0.0000
vt 0.5000 0.5000 0.0000
vt 0.2125 0.5000 0.0000
vt 0.2055 0.1351 0.0000
vt 0.5000 0.1062 0.0000
vt 0.9139 0.5000 0.0000
vt 0.9139 0.0262 0.0000
vt 0.9139 0.9738 0.0000
vt 0.5000 0.8938 0.0000
vt 0.2055 0.8649 0.0000
vt 0.4092 0.5043 0.0000
vt 0.3944 0.5032 0.0000
vt 0.3907 0.1553 0.0000
vt 0.4011 0.1568 0.0000
vt 0.4240 0.5032 0.0000
vt 0.4198 0.1545 0.0000
vt 0.4214 0.8513 0.0000
vt 0.4022 0.8507 0.0000
vt 0.3900 0.8506 0.0000
vt 0.1893 0.5000 0.0000
vt 0.1859 0.1569 0.0000
vt 0.5000 0.1661 0.0000
vt 0.8107 0.5000 0.0000
vt 0.5000 0.8339 0.0000
vt 0.1859 0.8431 0.0000
vt 0.0300 0.5000 0.0000
vt 0.0396 0.4962 0.0000
vt 0.0365 0.9139 0.0000
vt 0.0300 0.9139 0.0000
vt 0.0235 0.5000 0.0000
vt 0.0235 0.9139 0.0000
vt 0.0235 0.0861 0.0000
vt 0.0300 0.0861 0.0000
vt 0.0365 0.0861 0.0000
vt 0.0918 0.4693 0.0000
vt 0.1085 0.4770 0.0000
vt 0.1094 0.8421 0.0000
vt 0.0918 0.8421 0.0000
vt 0.0739 0.4731 0.0000
vt 0.0742 0.8421 0.0000
vt 0.0742 0.0965 0.0000
vt 0.0918 0.0965 0.0000
vt 0.1094 0.0965 0.0000
vt 0.1553 0.5307 0.0000
vt 0.1720 0.5230 0.0000
vt 0.1729 0.9035 0.0000
vt 0.1553 0.9035 0.0000
vt 0.1386 0.5230 0.0000
vt 0.1377 0.9035 0.0000
vt 0.1377 0.1579 0.0000
vt 0.1553 0.1579 0.0000
vt 0.1729 0.1579 0.0000
vt 0.2188 0.4693 0.0000
vt 0.2355 0.4770 0.0000
vt 0.2363 0.8421 0.0000
vt 0.2188 0.8421 0.0000
vt 0.2020 0.4770 0.0000
vt 0.2012 0.8421 0.0000
vt 0.2012 0.0965 0.0000
vt 0.2188 0.0965 0.0000
vt 0.2363 0.0965 0.0000
vt 0.2822 0.5307 0.0000
vt 0.2990 0.5230 0.0000
vt 0.2998 0.9035 0.0000
vt 0.2822 0.9035 0.0000
vt 0.2655 0.5230 0.0000
vt 0.2647 0.9035 0.0000
vt 0.2647 0.1579 0.0000
vt 0.2822 0.1579 0.0000
vt 0.2998 0.1579 0.0000
vt 0.3457 0.4693 0.0000
vt 0.3625 0.4770 0.0000
vt 0.3633 0.8421 0.0000
vt 0.3457 0.8421 0.0000
vt 0.3290 0.4770 0.0000
vt 0.3282 0.8421 0.0000
vt 0.3282 0.0965 0.0000
vt 0.3457 0.0965 0.0000
vt 0.3633 0.0965 0.0000
vt 0.4092 0.5307 0.0000
vt 0.4259 0.5230 0.0000
vt 0.4268 0.9035 0.0000
vt 0.4092 0.9035 0.0000
vt 0.3925 0.5230 0.0000
vt 0.3916 0.9035 0.0000
vt 0.3916 0.1579 0.0000
vt 0.4092 0.1579 0.0000
vt 0.4268 0.1579 0.0000
vt 0.9109 0.5000 0.0000
vt 0.8571 0.5038 0.0000
vt 0.8454 0.0861 0.0000
vt 0.9109 0.0861 0.0000
vt 0.9765 0.5000 0.0000
vt 0.9765 0.0861 0.0000
vt 0.9765 0.9139 0.0000
vt 0.9109 0.9139 0.0000
vt 0.8454 0.9139 0.0000
vt 0.7901 0.5307 0.0000
vt 0.7734 0.5230 0.0000
vt 0.7725 0.1579 0.0000
vt 0.7901 0.1579 0.0000
vt 0.8080 0.5269 0.0000
vt 0.8077 0.1579 0.0000
vt 0.8077 0.9035 0.0000
vt 0.7901 0.9035 0.0000
vt 0.7725 0.9035 0.0000
vt 0.7266 0.4693 0.0000
vt 0.7099 0.4770 0.0000
vt 0.7091 0.0965 0.0000
vt 0.7266 0.0965 0.0000
vt 0.7434 0.4770 0.0000
vt 0.7442 0.0965 0.0000
vt 0.7442 0.8421 0.0000
vt 0.7266 0.8421 0.0000
vt 0.7091 0.8421 0.0000
vt 0.6632 0.5307 0.0000
vt 0.6464 0.5230 0.0000
vt 0.6456 0.1579 0.0000
vt 0.6632 0.1579 0.0000
vt 0.6799 0.5230 0.0000
vt 0.6807 0.1579 0.0000
vt 0.6807 0.9035 0.0000
vt 0.6632 0.9035 0.0000
vt 0.6456 0.9035 0.0000
vt 0.5997 0.4693 0.0000
vt 0.5829 0.4770 0.0000
vt 0.5821 0.0965 0.0000
vt 0.5997 0.0965 0.0000
vt 0.6164 0.4770 0.0000
vt 0.6173 0.0965 0.0000
vt 0.6173 0.8421 0.0000
vt 0.5997 0.8421 0.0000
vt 0.5821 0.8421 0.0000
vt 0.5362 0.5307 0.0000
vt 0.5195 0.5230 0.0000
vt 0.5186 0.1579 0.0000
vt 0.5362 0.1579 0.0000
vt 0.5529 0.5230 0.0000
vt 0.5538 0.1579 0.0000
vt 0.5538 0.9035 0.0000
vt 0.5362 0.9035 0.0000
vt 0.5186 0.9035 0.0000
vt 0.9700 0.5000 0.0000
vt 0.9604 0.5038 0.0000
vt 0.9635 0.0861 0.0000
vt 0.9700 0.0861 0.0000
vt 0.9700 0.9139 0.0000
vt 0.9635 0.9139 0.0000
vt 0.9082 0.5307 0.0000
vt 0.8915 0.5230 0.0000
vt 0.8906 0.1579 0.0000
vt 0.9082 0.1579 0.0000
vt 0.9261 0.5269 0.0000
vt 0.9258 0.1579 0.0000
vt 0.9258 0.9035 0.0000
vt 0.9082 0.9035 0.0000
vt 0.8906 0.9035 0.0000
vt 0.8447 0.4693 0.0000
vt 0.8280 0.4770 0.0000
vt 0.8271 0.0965 0.0000
vt 0.8447 0.0965 0.0000
vt 0.8614 0.4770 0.0000
vt 0.8623 0.0965 0.0000
vt 0.8623 0.8421 0.0000
vt 0.8447 0.8421 0.0000
vt 0.8271 0.8421 0.0000
vt 0.7812 0.5307 0.0000
vt 0.7645 0.5230 0.0000
vt 0.7637 0.1579 0.0000
vt 0.7812 0.1579 0.0000
vt 0.7980 0.5230 0.0000
vt 0.7988 0.1579 0.0000
vt 0.7988 0.9035 0.0000
vt 0.7812 0.9035 0.0000
vt 0.7637 0.9035 0.0000
vt 0.7178 0.4693 0.0000
vt 0.7010 0.4770 0.0000
vt 0.7002 0.0965 0.0000
vt 0.7178 0.0965 0.0000
vt 0.7345 0.4770 0.0000
vt 0.7353 0.0965 0.0000
vt 0.7353 0.8421 0.0000
vt 0.7178 0.8421 0.0000
vt 0.7002 0.8421 0.0000
vt 0.6543 0.5307 0.0000
vt 0.6375 0.5230 0.0000
vt 0.6367 0.1579 0.0000
vt 0.6543 0.1579 0.0000
vt 0.6710 0.5230 0.0000
vt 0.6718 0.1579 0.0000
vt 0.6718 0.9035 0.0000
vt 0.6543 0.9035 0.0000
vt 0.6367 0.9035 0.0000
vt 0.5908 0.4693 0.0000
vt 0.5741 0.4770 0.0000
vt 0.5732 0.0965 0.0000
vt 0.5908 0.0965 0.0000
vt 0.6075 0.4770 0.0000
vt 0.6084 0.0965 0.0000
vt 0.6084 0.8421 0.0000
vt 0.5908 0.8421 0.0000
vt 0.5732 0.8421 0.0000
vt 0.0891 0.5000 0.0000
vt 0.1429 0.4962 0.0000
vt 0.1546 0.9139 0.0000
vt 0.0891 0.9139 0.0000
vt 0.0891 0.0861 0.0000
vt 0.1546 0.0861 0.0000
vt 0.2099 0.4693 0.0000
vt 0.2266 0.4770 0.0000
vt 0.2275 0.8421 0.0000
vt 0.2099 0.8421 0.0000
vt 0.1920 0.4731 0.0000
vt 0.1923 0.8421 0.0000
vt 0.1923 0.0965 0.0000
vt 0.2099 0.0965 0.0000
vt 0.2275 0.0965 0.0000
vt 0.2734 0.5307 0.0000
vt 0.2901 0.5230 0.0000
vt 0.2909 0.9035 0.0000
vt 0.2734 0.9035 0.0000
vt 0.2566 0.5230 0.0000
vt 0.2558 0.9035 0.0000
vt 0.2558 0.1579 0.0000
vt 0.2734 0.1579 0.0000
vt 0.2909 0.1579 0.0000
vt 0.3368 0.4693 0.0000
vt 0.3536 0.4770 0.0000
vt 0.3544 0.8421 0.0000
vt 0.3368 0.8421 0.0000
vt 0.3201 0.4770 0.0000
vt 0.3193 0.8421 0.0000
vt 0.3193 0.0965 0.0000
vt 0.3368 0.0965 0.0000
vt 0.3544 0.0965 0.0000
vt 0.4003 0.5307 0.0000
vt 0.4171 0.5230 0.0000
vt 0.4179 0.9035 0.0000
vt 0.4003 0.9035 0.0000
vt 0.3836 0.5230 0.0000
vt 0.3827 0.9035 0.0000
vt 0.3827 0.1579 0.0000
vt 0.4003 0.1579 0.0000
vt 0.4179 0.1579 0.0000
vt 0.4638 0.4693 0.0000
vt 0.4805 0.4770 0.0000
vt 0.4814 0.8421 0.0000
vt 0.4638 0.8421 0.0000
vt 0.4471 0.4770 0.0000
vt 0.4462 0.8421 0.0000
vt 0.4462 0.0965 0.0000
vt 0.4638 0.0965 0.0000
vt 0.4814 0.0965 0.0000
vt 0.9599 0.5005 0.0000
vt 0.9596 0.1469 0.0000
vt 0.9700 0.1488 0.0000
vt 0.9765 0.0262 0.0000
vt 0.9765 0.9738 0.0000
vt 0.9700 0.8512 0.0000
vt 0.9635 0.9738 0.0000
vt 0.9082 0.5043 0.0000
vt 0.8934 0.5032 0.0000
vt 0.8945 0.0460 0.0000
vt 0.9001 0.1568 0.0000
vt 0.9237 0.5038 0.0000
vt 0.9196 0.1543 0.0000
vt 0.9219 0.9626 0.0000
vt 0.9012 0.8507 0.0000
vt 0.8890 0.8506 0.0000
vt 0.8447 0.4957 0.0000
vt 0.8299 0.4968 0.0000
vt 0.8310 0.0374 0.0000
vt 0.8517 0.1493 0.0000
vt 0.8595 0.4968 0.0000
vt 0.8584 0.0374 0.0000
vt 0.8633 0.8447 0.0000
vt 0.8528 0.8432 0.0000
vt 0.8342 0.8455 0.0000
vt 0.7812 0.5043 0.0000
vt 0.7665 0.5032 0.0000
vt 0.7675 0.0460 0.0000
vt 0.7731 0.1568 0.0000
vt 0.7960 0.5032 0.0000
vt 0.7949 0.0460 0.0000
vt 0.7934 0.8513 0.0000
vt 0.7742 0.8507 0.0000
vt 0.7620 0.8506 0.0000
vt 0.7178 0.4957 0.0000
vt 0.7030 0.4968 0.0000
vt 0.7040 0.0374 0.0000
vt 0.7247 0.1493 0.0000
vt 0.7325 0.4968 0.0000
vt 0.7315 0.0374 0.0000
vt 0.7363 0.8447 0.0000
vt 0.7259 0.8432 0.0000
vt 0.7072 0.8455 0.0000
vt 0.6543 0.5043 0.0000
vt 0.6395 0.5032 0.0000
vt 0.6406 0.0460 0.0000
vt 0.6462 0.1568 0.0000
vt 0.6691 0.5032 0.0000
vt 0.6680 0.0460 0.0000
vt 0.6664 0.8513 0.0000
vt 0.6473 0.8507 0.0000
vt 0.6350 0.8506 0.0000
vt 0.5908 0.4957 0.0000
vt 0.5760 0.4968 0.0000
vt 0.5771 0.0374 0.0000
vt 0.5978 0.1493 0.0000
vt 0.6056 0.4968 0.0000
vt 0.6045 0.0374 0.0000
vt 0.6093 0.8447 0.0000
vt 0.5989 0.8432 0.0000
vt 0.5802 0.8455 0.0000
vt 0.1434 0.4995 0.0000
vt 0.1431 0.8536 0.0000
vt 0.0891 0.8512 0.0000
vt 0.0235 0.9738 0.0000
vt 0.0235 0.0262 0.0000
vt 0.0891 0.1488 0.0000
vt 0.1546 0.0262 0.0000
vt 0.2099 0.4957 0.0000
vt 0.2247 0.4968 0.0000
vt 0.2284 0.8447 0.0000
vt 0.2180 0.8432 0.0000
vt 0.1944 0.4962 0.0000
vt 0.1978 0.8463 0.0000
vt 0.1962 0.0374 0.0000
vt 0.2169 0.1493 0.0000
vt 0.2236 0.0374 0.0000
vt 0.2734 0.5043 0.0000
vt 0.2881 0.5032 0.0000
vt 0.2855 0.8513 0.0000
vt 0.2664 0.8507 0.0000
vt 0.2586 0.5032 0.0000
vt 0.2541 0.8506 0.0000
vt 0.2597 0.0460 0.0000
vt 0.2652 0.1568 0.0000
vt 0.2871 0.0460 0.0000
vt 0.3368 0.4957 0.0000
vt 0.3516 0.4968 0.0000
vt 0.3554 0.8447 0.0000
vt 0.3450 0.8432 0.0000
vt 0.3221 0.4968 0.0000
vt 0.3263 0.8455 0.0000
vt 0.3231 0.0374 0.0000
vt 0.3438 0.1493 0.0000
vt 0.3506 0.0374 0.0000
vt 0.4003 0.5043 0.0000
vt 0.4151 0.5032 0.0000
vt 0.4125 0.8513 0.0000
vt 0.3933 0.8507 0.0000
vt 0.3855 0.5032 0.0000
vt 0.3811 0.8506 0.0000
vt 0.3866 0.0460 0.0000
vt 0.3922 0.1568 0.0000
vt 0.4140 0.0460 0.0000
vt 0.4638 0.4957 0.0000
vt 0.4786 0.4968 0.0000
vt 0.4824 0.8447 0.0000
vt 0.4719 0.8432 0.0000
vt 0.4490 0.4968 0.0000
vt 0.4533 0.8455 0.0000
vt 0.4501 0.0374 0.0000
vt 0.4708 0.1493 0.0000
vt 0.4775 0.0374 0.0000
vt 0.8566 0.5005 0.0000
vt 0.8569 0.1464 0.0000
vt 0.9109 0.1488 0.0000
vt 0.9109 0.8512 0.0000
vt 0.8454 0.9738 0.0000
vt 0.7901 0.5043 0.0000
vt 0.7753 0.5032 0.0000
vt 0.7716 0.1553 0.0000
vt 0.7820 0.1568 0.0000
vt 0.8056 0.5038 0.0000
vt 0.8022 0.1537 0.0000
vt 0.8038 0.9626 0.0000
vt 0.7831 0.8507 0.0000
vt 0.7709 0.8506 0.0000
vt 0.7266 0.4957 0.0000
vt 0.7119 0.4968 0.0000
vt 0.7145 0.1487 0.0000
vt 0.7336 0.1493 0.0000
vt 0.7414 0.4968 0.0000
vt 0.7459 0.1494 0.0000
vt 0.7452 0.8447 0.0000
vt 0.7348 0.8432 0.0000
vt 0.7161 0.8455 0.0000
vt 0.6632 0.5043 0.0000
vt 0.6484 0.5032 0.0000
vt 0.6446 0.1553 0.0000
vt 0.6550 0.1568 0.0000
vt 0.6779 0.5032 0.0000
vt 0.6737 0.1545 0.0000
vt 0.6753 0.8513 0.0000
vt 0.6562 0.8507 0.0000
vt 0.6439 0.8506 0.0000
vt 0.5997 0.4957 0.0000
vt 0.5849 0.4968 0.0000
vt 0.5875 0.1487 0.0000
vt 0.6067 0.1493 0.0000
vt 0.6145 0.4968 0.0000
vt 0.6189 0.1494 0.0000
vt 0.6182 0.8447 0.0000
vt 0.6078 0.8432 0.0000
vt 0.5891 0.8455 0.0000
vt 0.5362 0.5043 0.0000
vt 0.5214 0.5032 0.0000
vt 0.5176 0.1553 0.0000
vt 0.5281 0.1568 0.0000
vt 0.5510 0.5032 0.0000
vt 0.5467 0.1545 0.0000
vt 0.5483 0.8513 0.0000
vt 0.5292 0.8507 0.0000
vt 0.5169 0.8506 0.0000
vt 0.4727 0.4957 0.0000
vt 0.4579 0.4968 0.0000
vt 0.4605 0.1487 0.0000
vt 0.4797 0.1493 0.0000
vt 0.4875 0.4968 0.0000
vt 0.4920 0.1494 0.0000
vt 0.4913 0.8447 0.0000
vt 0.4808 0.8432 0.0000
vt 0.4622 0.8455 0.0000
vt 0.0401 0.4995 0.0000
vt 0.0404 0.8531 0.0000
vt 0.0300 0.8512 0.0000
vt 0.0195 0.5000 0.0000
vt 0.0173 0.8568 0.0000
vt 0.0300 0.1488 0.0000
vt 0.0365 0.0262 0.0000
vt 0.0918 0.4957 0.0000
vt 0.1066 0.4968 0.0000
vt 0.1104 0.8447 0.0000
vt 0.0999 0.8432 0.0000
vt 0.0763 0.4962 0.0000
vt 0.0804 0.8457 0.0000
vt 0.0781 0.0374 0.0000
vt 0.0988 0.1493 0.0000
vt 0.1110 0.1494 0.0000
vt 0.1553 0.5043 0.0000
vt 0.1701 0.5032 0.0000
vt 0.1674 0.8513 0.0000
vt 0.1483 0.8507 0.0000
vt 0.1405 0.5032 0.0000
vt 0.1360 0.8506 0.0000
vt 0.1367 0.1553 0.0000
vt 0.1472 0.1568 0.0000
vt 0.1658 0.1545 0.0000
vt 0.2188 0.4957 0.0000
vt 0.2335 0.4968 0.0000
vt 0.2373 0.8447 0.0000
vt 0.2269 0.8432 0.0000
vt 0.2040 0.4968 0.0000
vt 0.2082 0.8455 0.0000
vt 0.2066 0.1487 0.0000
vt 0.2258 0.1493 0.0000
vt 0.2380 0.1494 0.0000
vt 0.2822 0.5043 0.0000
vt 0.2970 0.5032 0.0000
vt 0.2944 0.8513 0.0000
vt 0.2753 0.8507 0.0000
vt 0.2675 0.5032 0.0000
vt 0.2630 0.8506 0.0000
vt 0.2637 0.1553 0.0000
vt 0.2741 0.1568 0.0000
vt 0.2928 0.1545 0.0000
vt 0.3457 0.4957 0.0000
vt 0.3605 0.4968 0.0000
vt 0.3643 0.8447 0.0000
vt 0.3538 0.8432 0.0000
vt 0.3309 0.4968 0.0000
vt 0.3352 0.8455 0.0000
vt 0.3336 0.1487 0.0000
vt 0.3527 0.1493 0.0000
vt 0.3650 0.1494 0.0000
vt 0.9463 0.0809 0.0000
vt 0.9558 0.0578 0.0000
vt 0.9519 0.1067 0.0000
vt 0.9312 0.0783 0.0000
vt 0.9273 0.1272 0.0000
vt 0.9351 0.0294 0.0000
vt 0.1144 0.0882 0.0000
vt 0.1073 0.0567 0.0000
vt 0.1073 0.0887 0.0000
vt 0.1285 0.1192 0.0000
vt 0.1285 0.1513 0.0000
vt 0.1285 0.0872 0.0000
vt 0.0633 0.0355 0.0000
vt 0.0690 0.0172 0.0000
vt 0.0690 0.0492 0.0000
vt 0.0518 0.0402 0.0000
vt 0.0518 0.0722 0.0000
vt 0.0518 0.0082 0.0000
vt -0.0089 0.9519 0.0000
vt -0.0140 0.9408 0.0000
vt 0.0125 0.9439 0.0000
vt -0.0250 0.9709 0.0000
vt 0.0015 0.9740 0.0000
vt -0.0516 0.9678 0.0000
vt -0.0121 0.9816 0.0000
vt -0.0054 0.9649 0.0000
vt -0.0011 0.9943 0.0000
vt -0.0299 0.9854 0.0000
vt -0.0257 1.0148 0.0000
vt -0.0342 0.9561 0.0000
vt 0.1144 0.9118 0.0000
vt 0.1073 0.9113 0.0000
vt 0.1073 0.9433 0.0000
vt 0.1285 0.8808 0.0000
vt 0.1285 0.9128 0.0000
vt 0.1285 0.8487 0.0000
vt 0.0633 0.9645 0.0000
vt 0.0690 0.9508 0.0000
vt 0.0690 0.9828 0.0000
vt 0.0518 0.9598 0.0000
vt 0.0518 0.9918 0.0000
vt 0.0518 0.9278 0.0000
vt -0.0089 0.9962 0.0000
vt -0.0140 0.9774 0.0000
vt 0.0125 1.0039 0.0000
vt -0.0250 1.0075 0.0000
vt 0.0015 1.0339 0.0000
vt -0.0516 0.9810 0.0000
vt 0.8277 0.0153 0.0000
vt 0.8475 0.0092 0.0000
vt 0.8254 0.1474 0.0000
vt 0.8079 0.0214 0.0000
vt 0.8119 -0.0032 0.0000
vt 0.8307 -0.0055 0.0000
vt 0.8496 -0.0078 0.0000
vt 0.7635 0.0223 0.0000
vt 0.7796 0.0261 0.0000
vt 0.7597 0.1514 0.0000
vt 0.7474 0.0184 0.0000
vt 0.7544 -0.0006 0.0000
vt 0.7686 0.0028 0.0000
vt 0.7827 0.0062 0.0000
vt 0.6906 0.0182 0.0000
vt 0.7067 0.0143 0.0000
vt 0.6938 0.1504 0.0000
vt 0.6745 0.0220 0.0000
vt 0.6722 -0.0020 0.0000
vt 0.6864 -0.0053 0.0000
vt 0.7006 -0.0087 0.0000
vt 0.6365 0.0223 0.0000
vt 0.6526 0.0261 0.0000
vt 0.6327 0.1514 0.0000
vt 0.6204 0.0184 0.0000
vt 0.6274 -0.0006 0.0000
vt 0.6416 0.0028 0.0000
vt 0.6558 0.0062 0.0000
vt 0.5637 0.0182 0.0000
vt 0.5798 0.0143 0.0000
vt 0.5669 0.1504 0.0000
vt 0.5476 0.0220 0.0000
vt 0.5453 -0.0020 0.0000
vt 0.5594 -0.0053 0.0000
vt 0.5736 -0.0087 0.0000
vt 0.5095 0.0223 0.0000
vt 0.5256 0.0261 0.0000
vt 0.5057 0.1514 0.0000
vt 0.4934 0.0184 0.0000
vt 0.5005 -0.0006 0.0000
vt 0.5146 0.0028 0.0000
vt 0.5288 0.0062 0.0000
vt 0.4367 0.0182 0.0000
vt 0.4528 0.0143 0.0000
vt 0.4399 0.1504 0.0000
vt 0.4206 0.0220 0.0000
vt 0.4183 -0.0020 0.0000
vt 0.4325 -0.0053 0.0000
vt 0.4466 -0.0087 0.0000
vt 0.3826 0.0223 0.0000
vt 0.3987 0.0261 0.0000
vt 0.3787 0.1514 0.0000
vt 0.3665 0.0184 0.0000
vt 0.3735 -0.0006 0.0000
vt 0.3877 0.0028 0.0000
vt 0.4018 0.0062 0.0000
vt 0.3097 0.0182 0.0000
vt 0.3258 0.0143 0.0000
vt 0.3129 0.1504 0.0000
vt 0.2936 0.0220 0.0000
vt 0.2913 -0.0020 0.0000
vt 0.3055 -0.0053 0.0000
vt 0.3196 -0.0087 0.0000
vt 0.2556 0.0223 0.0000
vt 0.2717 0.0261 0.0000
vt 0.2518 0.1514 0.0000
vt 0.2395 0.0184 0.0000
vt 0.2465 -0.0006 0.0000
vt 0.2607 0.0028 0.0000
vt 0.2749 0.0062 0.0000
vt 0.1828 0.0182 0.0000
vt 0.1989 0.0143 0.0000
vt 0.1860 0.1504 0.0000
vt 0.1667 0.0220 0.0000
vt 0.1644 -0.0020 0.0000
vt 0.1785 -0.0053 0.0000
vt 0.1927 -0.0087 0.0000
vt 0.1286 0.0223 0.0000
vt 0.1447 0.0261 0.0000
vt 0.1248 0.1514 0.0000
vt 0.1125 0.0184 0.0000
vt 0.1196 -0.0006 0.0000
vt 0.1337 0.0028 0.0000
vt 0.1479 0.0062 0.0000
vt 0.1034 0.8828 0.0000
vt 0.0750 0.9280 0.0000
vt 0.0674 0.7809 0.0000
vt 0.1318 0.8375 0.0000
vt 0.1894 0.8329 0.0000
vt 0.1514 0.8876 0.0000
vt 0.1134 0.9422 0.0000
vt 0.9402 0.0194 0.0000
vt 0.9604 0.0129 0.0000
vt 0.9421 0.1485 0.0000
vt 0.9200 0.0258 0.0000
vt 0.9181 0.0055 0.0000
vt 0.9377 0.0026 0.0000
vt 0.9574 -0.0003 0.0000
vt 0.1659 0.1025 0.0000
vt 0.1341 0.2142 0.0000
vt 0.1498 0.0676 0.0000
vt 0.2083 0.0779 0.0000
vt 0.1903 0.0388 0.0000
vt 0.2264 0.1170 0.0000
vt 0.1820 0.1374 0.0000
vt 0.1338 0.1270 0.0000
vt 0.1737 0.2203 0.0000
vt 0.1177 0.1619 0.0000
vt 0.0805 0.1269 0.0000
vt 0.0625 0.1660 0.0000
vt 0.0986 0.0878 0.0000
vt 0.1499 0.0921 0.0000
vt 0.2929 0.1025 0.0000
vt 0.2611 0.2142 0.0000
vt 0.2768 0.0676 0.0000
vt 0.3353 0.0779 0.0000
vt 0.3173 0.0388 0.0000
vt 0.3533 0.1170 0.0000
vt 0.3090 0.1374 0.0000
vt 0.2607 0.1270 0.0000
vt 0.3007 0.2203 0.0000
vt 0.2446 0.1619 0.0000
vt 0.2075 0.1269 0.0000
vt 0.1895 0.1660 0.0000
vt 0.2255 0.0878 0.0000
vt 0.2768 0.0921 0.0000
vt 0.4199 0.1025 0.0000
vt 0.3881 0.2142 0.0000
vt 0.4038 0.0676 0.0000
vt 0.4623 0.0779 0.0000
vt 0.4442 0.0388 0.0000
vt 0.4803 0.1170 0.0000
vt 0.4360 0.1374 0.0000
vt 0.3877 0.1270 0.0000
vt 0.4276 0.2203 0.0000
vt 0.3716 0.1619 0.0000
vt 0.3345 0.1269 0.0000
vt 0.3164 0.1660 0.0000
vt 0.3525 0.0878 0.0000
vt 0.4038 0.0921 0.0000
vt 0.5468 0.1025 0.0000
vt 0.5150 0.2142 0.0000
vt 0.5307 0.0676 0.0000
vt 0.5892 0.0779 0.0000
vt 0.5712 0.0388 0.0000
vt 0.6073 0.1170 0.0000
vt 0.5629 0.1374 0.0000
vt 0.5147 0.1270 0.0000
vt 0.5546 0.2203 0.0000
vt 0.4986 0.1619 0.0000
vt 0.4614 0.1269 0.0000
vt 0.4434 0.1660 0.0000
vt 0.4795 0.0878 0.0000
vt 0.5308 0.0921 0.0000
vt 0.6738 0.1025 0.0000
vt 0.6420 0.2142 0.0000
vt 0.6577 0.0676 0.0000
vt 0.7162 0.0779 0.0000
vt 0.6982 0.0388 0.0000
vt 0.7342 0.1170 0.0000
vt 0.6899 0.1374 0.0000
vt 0.6417 0.1270 0.0000
vt 0.6816 0.2203 0.0000
vt 0.6256 0.1619 0.0000
vt 0.5884 0.1269 0.0000
vt 0.5704 0.1660 0.0000
vt 0.6064 0.0878 0.0000
vt 0.6578 0.0921 0.0000
vt 0.8008 0.1025 0.0000
vt 0.7690 0.2142 0.0000
vt 0.7847 0.0676 0.0000
vt 0.8432 0.0779 0.0000
vt 0.8251 0.0388 0.0000
vt 0.8612 0.1170 0.0000
vt 0.8169 0.1374 0.0000
vt 0.8249 0.1169 0.0000
vt 0.8448 0.0698 0.0000
vt 0.8261 0.2191 0.0000
vt 0.8050 0.1640 0.0000
vt 0.8024 0.1702 0.0000
vt 0.8233 0.1118 0.0000
vt 0.8442 0.0535 0.0000
vt 0.1723 0.9847 0.0000
vt 0.1525 0.9908 0.0000
vt 0.1746 0.8526 0.0000
vt 0.1921 0.9786 0.0000
vt 0.1881 1.0032 0.0000
vt 0.1693 1.0055 0.0000
vt 0.1504 1.0078 0.0000
vt 0.2365 0.9777 0.0000
vt 0.2403 0.8486 0.0000
vt 0.2526 0.9816 0.0000
vt 0.2314 0.9972 0.0000
vt 0.2456 1.0006 0.0000
vt 0.2173 0.9938 0.0000
vt 0.2204 0.9739 0.0000
vt 0.3094 0.9818 0.0000
vt 0.3062 0.8496 0.0000
vt 0.3255 0.9780 0.0000
vt 0.3136 1.0053 0.0000
vt 0.3278 1.0020 0.0000
vt 0.2994 1.0087 0.0000
vt 0.2933 0.9857 0.0000
vt 0.3635 0.9777 0.0000
vt 0.3673 0.8486 0.0000
vt 0.3796 0.9816 0.0000
vt 0.3584 0.9972 0.0000
vt 0.3726 1.0006 0.0000
vt 0.3442 0.9938 0.0000
vt 0.3474 0.9739 0.0000
vt 0.4363 0.9818 0.0000
vt 0.4331 0.8496 0.0000
vt 0.4524 0.9780 0.0000
vt 0.4406 1.0053 0.0000
vt 0.4547 1.0020 0.0000
vt 0.4264 1.0087 0.0000
vt 0.4202 0.9857 0.0000
vt 0.4905 0.9777 0.0000
vt 0.4943 0.8486 0.0000
vt 0.5066 0.9816 0.0000
vt 0.4854 0.9972 0.0000
vt 0.4995 1.0006 0.0000
vt 0.4712 0.9938 0.0000
vt 0.4744 0.9739 0.0000
vt 0.5633 0.9818 0.0000
vt 0.5601 0.8496 0.0000
vt 0.5794 0.9780 0.0000
vt 0.5675 1.0053 0.0000
vt 0.5817 1.0020 0.0000
vt 0.5534 1.0087 0.0000
vt 0.5472 0.9857 0.0000
vt 0.6174 0.9777 0.0000
vt 0.6213 0.8486 0.0000
vt 0.6335 0.9816 0.0000
vt 0.6123 0.9972 0.0000
vt 0.6265 1.0006 0.0000
vt 0.5982 0.9938 0.0000
vt 0.6013 0.9739 0.0000
vt 0.6903 0.9818 0.0000
vt 0.6871 0.8496 0.0000
vt 0.7064 0.9780 0.0000
vt 0.6945 1.0053 0.0000
vt 0.7087 1.0020 0.0000
vt 0.6804 1.0087 0.0000
vt 0.6742 0.9857 0.0000
vt 0.7444 0.9777 0.0000
vt 0.7482 0.8486 0.0000
vt 0.7605 0.9816 0.0000
vt 0.7393 0.9972 0.0000
vt 0.7535 1.0006 0.0000
vt 0.7251 0.9938 0.0000
vt 0.7283 0.9739 0.0000
vt 0.8172 0.9818 0.0000
vt 0.8140 0.8496 0.0000
vt 0.8333 0.9780 0.0000
vt 0.8215 1.0053 0.0000
vt 0.8356 1.0020 0.0000
vt 0.8073 1.0087 0.0000
vt 0.8011 0.9857 0.0000
vt 0.8714 0.9777 0.0000
vt 0.8752 0.8486 0.0000
vt 0.8875 0.9816 0.0000
vt 0.8663 0.9972 0.0000
vt 0.8804 1.0006 0.0000
vt 0.8521 0.9938 0.0000
vt 0.8553 0.9739 0.0000
vt 0.8966 0.1172 0.0000
vt 0.9250 0.0720 0.0000
vt 0.9326 0.2191 0.0000
vt 0.8682 0.1625 0.0000
vt 0.8106 0.1671 0.0000
vt 0.8486 0.1124 0.0000
vt 0.8866 0.0578 0.0000
vt 0.0598 0.9806 0.0000
vt 0.0396 0.9871 0.0000
vt 0.0579 0.8515 0.0000
vt 0.0800 0.9742 0.0000
vt 0.0819 0.9945 0.0000
vt 0.0623 0.9974 0.0000
vt 0.0426 1.0003 0.0000
vt 0.1184 0.9777 0.0000
vt 0.1223 0.8486 0.0000
vt 0.1345 0.9816 0.0000
vt 0.1133 0.9972 0.0000
vt 0.1275 1.0006 0.0000
vt 0.0992 0.9938 0.0000
vt 0.1023 0.9739 0.0000
vt 0.1913 0.9818 0.0000
vt 0.1881 0.8496 0.0000
vt 0.2074 0.9780 0.0000
vt 0.1955 1.0053 0.0000
vt 0.2097 1.0020 0.0000
vt 0.1814 1.0087 0.0000
vt 0.1752 0.9857 0.0000
vt 0.2454 0.9777 0.0000
vt 0.2492 0.8486 0.0000
vt 0.2615 0.9816 0.0000
vt 0.2403 0.9972 0.0000
vt 0.2545 1.0006 0.0000
vt 0.2262 0.9938 0.0000
vt 0.2293 0.9739 0.0000
vt 0.3182 0.9818 0.0000
vt 0.3151 0.8496 0.0000
vt 0.3343 0.9780 0.0000
vt 0.3225 1.0053 0.0000
vt 0.3367 1.0020 0.0000
vt 0.3083 1.0087 0.0000
vt 0.3021 0.9857 0.0000
vt 0.3724 0.9777 0.0000
vt 0.3762 0.8486 0.0000
vt 0.3885 0.9816 0.0000
vt 0.3673 0.9972 0.0000
vt 0.3815 1.0006 0.0000
vt 0.3531 0.9938 0.0000
vt 0.3563 0.9739 0.0000
vt 0.4452 0.9818 0.0000
vt 0.4420 0.8496 0.0000
vt 0.4613 0.9780 0.0000
vt 0.4495 1.0053 0.0000
vt 0.4636 1.0020 0.0000
vt 0.4353 1.0087 0.0000
vt 0.4291 0.9857 0.0000
vt 0.4994 0.9777 0.0000
vt 0.5032 0.8486 0.0000
vt 0.5155 0.9816 0.0000
vt 0.4943 0.9972 0.0000
vt 0.5084 1.0006 0.0000
vt 0.4801 0.9938 0.0000
vt 0.4833 0.9739 0.0000
vt 0.5722 0.9818 0.0000
vt 0.5690 0.8496 0.0000
vt 0.5883 0.9780 0.0000
vt 0.5764 1.0053 0.0000
vt 0.5906 1.0020 0.0000
vt 0.5623 1.0087 0.0000
vt 0.5561 0.9857 0.0000
vt 0.6263 0.9777 0.0000
vt 0.6301 0.8486 0.0000
vt 0.6424 0.9816 0.0000
vt 0.6212 0.9972 0.0000
vt 0.6354 1.0006 0.0000
vt 0.6071 0.9938 0.0000
vt 0.6102 0.9739 0.0000
vt 0.6992 0.9818 0.0000
vt 0.6960 0.8496 0.0000
vt 0.7153 0.9780 0.0000
vt 0.7034 1.0053 0.0000
vt 0.7176 1.0020 0.0000
vt 0.6892 1.0087 0.0000
vt 0.6831 0.9857 0.0000
vt 0.7533 0.9777 0.0000
vt 0.7571 0.8486 0.0000
vt 0.7694 0.9816 0.0000
vt 0.7482 0.9972 0.0000
vt 0.7624 1.0006 0.0000
vt 0.7340 0.9938 0.0000
vt 0.7372 0.9739 0.0000
vt 0.1751 0.8831 0.0000
vt 0.1552 0.9302 0.0000
vt 0.1739 0.7809 0.0000
vt 0.1950 0.8360 0.0000
vt 0.1976 0.8298 0.0000
vt 0.1767 0.8882 0.0000
vt 0.1558 0.9465 0.0000
vt 0.5000 0.1120 0.0000
vt 0.5000 0.1978 0.0000
vt 0.9139 0.1978 0.0000
vt 0.9139 0.1120 0.0000
vt 0.0861 0.1120 0.0000
vt 0.0861 0.1978 0.0000
vt 0.9109 0.0429 0.0000
vt 0.9109 0.0595 0.0000
vt 0.9765 0.0595 0.0000
vt 0.9765 0.0429 0.0000
vt 0.8454 0.0429 0.0000
vt 0.8454 0.0595 0.0000
vt 0.5000 -0.1277 0.0000
vt 0.5000 -0.2817 0.0000
vt 0.9139 -0.2817 0.0000
vt 0.9139 -0.1277 0.0000
vt 0.0861 -0.1277 0.0000
vt 0.0861 -0.2817 0.0000
vt 0.9700 0.0429 0.0000
vt 0.9700 0.0595 0.0000
vt 0.9635 0.0429 0.0000
vt 0.9635 0.0595 0.0000
vt 0.0891 0.9571 0.0000
vt 0.0891 0.9405 0.0000
vt 0.0235 0.9405 0.0000
vt 0.0235 0.9571 0.0000
vt 0.1546 0.9571 0.0000
vt 0.1546 0.9405 0.0000
vt 0.5000 1.1277 0.0000
vt 0.5000 1.2817 0.0000
vt 0.0861 1.2817 0.0000
vt 0.0861 1.1277 0.0000
vt 0.9139 1.1277 0.0000
vt 0.9139 1.2817 0.0000
vt 0.0300 0.9571 0.0000
vt 0.0300 0.9405 0.0000
vt 0.0365 0.9571 0.0000
vt 0.0365 0.9405 0.0000
vt 0.5000 0.8880 0.0000
vt 0.5000 0.8022 0.0000
vt 0.0861 0.8022 0.0000
vt 0.0861 0.8880 0.0000
vt 0.9139 0.8880 0.0000
vt 0.9139 0.8022 0.0000
vt 0.1778 0.5000 0.0000
vt 0.2694 0.5000 0.0000
vt 0.2694 0.0262 0.0000
vt 0.1778 0.0262 0.0000
vt 0.1778 0.9738 0.0000
vt 0.2694 0.9738 0.0000
vt 0.9149 0.5000 0.0000
vt 0.9160 0.5000 0.0000
vt 0.9160 0.9738 0.0000
vt 0.9149 0.9738 0.0000
vt 0.9149 0.0262 0.0000
vt 0.9160 0.0262 0.0000
vt 0.0009 0.5000 0.0000
vt -0.0217 0.5000 0.0000
vt -0.0217 0.0262 0.0000
vt 0.0009 0.0262 0.0000
vt 0.0009 0.9738 0.0000
vt -0.0217 0.9738 0.0000
vt 0.0851 0.5000 0.0000
vt 0.0840 0.5000 0.0000
vt 0.0840 0.0262 0.0000
vt 0.0851 0.0262 0.0000
vt 0.0851 0.9738 0.0000
vt 0.0840 0.9738 0.0000
vt 0.7577 0.0306 0.0000
vt 0.7252 0.0152 0.0000
vt 0.7463 0.0114 0.0000
vt 0.7751 0.0287 0.0000
vt 0.7403 0.0326 0.0000
vt 0.7041 0.0191 0.0000
vt 0.7546 0.0268 0.0000
vt 0.7826 0.0163 0.0000
vt 0.8031 0.0196 0.0000
vt 0.7717 0.0285 0.0000
vt 0.7375 0.0251 0.0000
vt 0.7621 0.0129 0.0000
vt 0.6307 0.0306 0.0000
vt 0.5982 0.0152 0.0000
vt 0.6193 0.0114 0.0000
vt 0.6481 0.0287 0.0000
vt 0.6133 0.0326 0.0000
vt 0.5771 0.0191 0.0000
vt 0.6277 0.0268 0.0000
vt 0.6556 0.0163 0.0000
vt 0.6761 0.0196 0.0000
vt 0.6448 0.0285 0.0000
vt 0.6105 0.0251 0.0000
vt 0.6351 0.0129 0.0000
vt 0.5037 0.0306 0.0000
vt 0.4712 0.0152 0.0000
vt 0.4923 0.0114 0.0000
vt 0.5211 0.0287 0.0000
vt 0.4863 0.0326 0.0000
vt 0.4502 0.0191 0.0000
vt 0.5007 0.0268 0.0000
vt 0.5287 0.0163 0.0000
vt 0.5492 0.0196 0.0000
vt 0.5178 0.0285 0.0000
vt 0.4836 0.0251 0.0000
vt 0.5082 0.0129 0.0000
vt 0.3767 0.0306 0.0000
vt 0.3443 0.0152 0.0000
vt 0.3654 0.0114 0.0000
vt 0.3941 0.0287 0.0000
vt 0.3593 0.0326 0.0000
vt 0.3232 0.0191 0.0000
vt 0.3737 0.0268 0.0000
vt 0.4017 0.0163 0.0000
vt 0.4222 0.0196 0.0000
vt 0.3908 0.0285 0.0000
vt 0.3566 0.0251 0.0000
vt 0.3812 0.0129 0.0000
vt 0.2498 0.0306 0.0000
vt 0.2173 0.0152 0.0000
vt 0.2384 0.0114 0.0000
vt 0.2672 0.0287 0.0000
vt 0.2324 0.0326 0.0000
vt 0.1962 0.0191 0.0000
vt 0.2467 0.0268 0.0000
vt 0.2747 0.0163 0.0000
vt 0.2952 0.0196 0.0000
vt 0.2638 0.0285 0.0000
vt 0.2296 0.0251 0.0000
vt 0.2542 0.0129 0.0000
vt 0.1228 0.0306 0.0000
vt 0.0903 0.0152 0.0000
vt 0.1114 0.0114 0.0000
vt 0.1402 0.0287 0.0000
vt 0.1054 0.0326 0.0000
vt 0.0692 0.0191 0.0000
vt 0.1198 0.0268 0.0000
vt 0.1477 0.0163 0.0000
vt 0.1682 0.0196 0.0000
vt 0.1369 0.0285 0.0000
vt 0.1027 0.0251 0.0000
vt 0.1272 0.0129 0.0000
vt 0.0300 0.0429 0.0000
vt 0.0300 0.0595 0.0000
vt 0.0365 0.0595 0.0000
vt 0.0365 0.0429 0.0000
vt 0.0235 0.0429 0.0000
vt 0.0235 0.0595 0.0000
vt 0.8757 0.0306 0.0000
vt 0.8433 0.0152 0.0000
vt 0.8644 0.0114 0.0000
vt 0.8931 0.0287 0.0000
vt 0.8583 0.0326 0.0000
vt 0.8222 0.0191 0.0000
vt 0.8727 0.0268 0.0000
vt 0.9007 0.0163 0.0000
vt 0.9212 0.0196 0.0000
vt 0.8898 0.0285 0.0000
vt 0.8556 0.0251 0.0000
vt 0.8802 0.0129 0.0000
vt 0.7488 0.0306 0.0000
vt 0.7163 0.0152 0.0000
vt 0.7374 0.0114 0.0000
vt 0.7662 0.0287 0.0000
vt 0.7314 0.0326 0.0000
vt 0.6952 0.0191 0.0000
vt 0.7457 0.0268 0.0000
vt 0.7737 0.0163 0.0000
vt 0.7942 0.0196 0.0000
vt 0.7628 0.0285 0.0000
vt 0.7286 0.0251 0.0000
vt 0.7532 0.0129 0.0000
vt 0.6218 0.0306 0.0000
vt 0.5893 0.0152 0.0000
vt 0.6104 0.0114 0.0000
vt 0.6392 0.0287 0.0000
vt 0.6044 0.0326 0.0000
vt 0.5682 0.0191 0.0000
vt 0.6188 0.0268 0.0000
vt 0.6467 0.0163 0.0000
vt 0.6672 0.0196 0.0000
vt 0.6359 0.0285 0.0000
vt 0.6017 0.0251 0.0000
vt 0.6262 0.0129 0.0000
vt 0.4948 0.0306 0.0000
vt 0.4624 0.0152 0.0000
vt 0.4834 0.0114 0.0000
vt 0.5122 0.0287 0.0000
vt 0.4774 0.0326 0.0000
vt 0.4413 0.0191 0.0000
vt 0.4918 0.0268 0.0000
vt 0.5198 0.0163 0.0000
vt 0.5403 0.0196 0.0000
vt 0.5089 0.0285 0.0000
vt 0.4747 0.0251 0.0000
vt 0.4993 0.0129 0.0000
vt 0.3679 0.0306 0.0000
vt 0.3354 0.0152 0.0000
vt 0.3565 0.0114 0.0000
vt 0.3853 0.0287 0.0000
vt 0.3505 0.0326 0.0000
vt 0.3143 0.0191 0.0000
vt 0.3648 0.0268 0.0000
vt 0.3928 0.0163 0.0000
vt 0.4133 0.0196 0.0000
vt 0.3819 0.0285 0.0000
vt 0.3477 0.0251 0.0000
vt 0.3723 0.0129 0.0000
vt 0.2409 0.0306 0.0000
vt 0.2084 0.0152 0.0000
vt 0.2295 0.0114 0.0000
vt 0.2583 0.0287 0.0000
vt 0.2235 0.0326 0.0000
vt 0.1873 0.0191 0.0000
vt 0.2379 0.0268 0.0000
vt 0.2658 0.0163 0.0000
vt 0.2863 0.0196 0.0000
vt 0.2550 0.0285 0.0000
vt 0.2207 0.0251 0.0000
vt 0.2453 0.0129 0.0000
vt 0.0891 0.0429 0.0000
vt 0.0891 0.0595 0.0000
vt 0.1546 0.0595 0.0000
vt 0.1546 0.0429 0.0000
vt 0.2423 0.9694 0.0000
vt 0.2748 0.9848 0.0000
vt 0.2537 0.9886 0.0000
vt 0.2249 0.9713 0.0000
vt 0.2597 0.9674 0.0000
vt 0.2959 0.9809 0.0000
vt 0.2454 0.9732 0.0000
vt 0.2174 0.9837 0.0000
vt 0.1969 0.9804 0.0000
vt 0.2283 0.9715 0.0000
vt 0.2625 0.9749 0.0000
vt 0.2379 0.9871 0.0000
vt 0.3693 0.9694 0.0000
vt 0.4018 0.9848 0.0000
vt 0.3807 0.9886 0.0000
vt 0.3519 0.9713 0.0000
vt 0.3867 0.9674 0.0000
vt 0.4229 0.9809 0.0000
vt 0.3723 0.9732 0.0000
vt 0.3444 0.9837 0.0000
vt 0.3239 0.9804 0.0000
vt 0.3552 0.9715 0.0000
vt 0.3895 0.9749 0.0000
vt 0.3649 0.9871 0.0000
vt 0.4963 0.9694 0.0000
vt 0.5288 0.9848 0.0000
vt 0.5077 0.9886 0.0000
vt 0.4789 0.9713 0.0000
vt 0.5137 0.9674 0.0000
vt 0.5498 0.9809 0.0000
vt 0.4993 0.9732 0.0000
vt 0.4713 0.9837 0.0000
vt 0.4508 0.9804 0.0000
vt 0.4822 0.9715 0.0000
vt 0.5164 0.9749 0.0000
vt 0.4918 0.9871 0.0000
vt 0.6233 0.9694 0.0000
vt 0.6557 0.9848 0.0000
vt 0.6346 0.9886 0.0000
vt 0.6059 0.9713 0.0000
vt 0.6407 0.9674 0.0000
vt 0.6768 0.9809 0.0000
vt 0.6263 0.9732 0.0000
vt 0.5983 0.9837 0.0000
vt 0.5778 0.9804 0.0000
vt 0.6092 0.9715 0.0000
vt 0.6434 0.9749 0.0000
vt 0.6188 0.9871 0.0000
vt 0.7502 0.9694 0.0000
vt 0.7827 0.9848 0.0000
vt 0.7616 0.9886 0.0000
vt 0.7328 0.9713 0.0000
vt 0.7676 0.9674 0.0000
vt 0.8038 0.9809 0.0000
vt 0.7533 0.9732 0.0000
vt 0.7253 0.9837 0.0000
vt 0.7048 0.9804 0.0000
vt 0.7362 0.9715 0.0000
vt 0.7704 0.9749 0.0000
vt 0.7458 0.9871 0.0000
vt 0.8772 0.9694 0.0000
vt 0.9097 0.9848 0.0000
vt 0.8886 0.9886 0.0000
vt 0.8598 0.9713 0.0000
vt 0.8946 0.9674 0.0000
vt 0.9308 0.9809 0.0000
vt 0.8802 0.9732 0.0000
vt 0.8523 0.9837 0.0000
vt 0.8318 0.9804 0.0000
vt 0.8631 0.9715 0.0000
vt 0.8973 0.9749 0.0000
vt 0.8728 0.9871 0.0000
vt 0.9700 0.9571 0.0000
vt 0.9700 0.9405 0.0000
vt 0.9635 0.9405 0.0000
vt 0.9635 0.9571 0.0000
vt 0.9765 0.9571 0.0000
vt 0.9765 0.9405 0.0000
vt 0.1243 0.9694 0.0000
vt 0.1567 0.9848 0.0000
vt 0.1356 0.9886 0.0000
vt 0.1069 0.9713 0.0000
vt 0.1417 0.9674 0.0000
vt 0.1778 0.9809 0.0000
vt 0.1273 0.9732 0.0000
vt 0.0993 0.9837 0.0000
vt 0.0788 0.9804 0.0000
vt 0.1102 0.9715 0.0000
vt 0.1444 0.9749 0.0000
vt 0.1198 0.9871 0.0000
vt 0.2512 0.9694 0.0000
vt 0.2837 0.9848 0.0000
vt 0.2626 0.9886 0.0000
vt 0.2338 0.9713 0.0000
vt 0.2686 0.9674 0.0000
vt 0.3048 0.9809 0.0000
vt 0.2543 0.9732 0.0000
vt 0.2263 0.9837 0.0000
vt 0.2058 0.9804 0.0000
vt 0.2372 0.9715 0.0000
vt 0.2714 0.9749 0.0000
vt 0.2468 0.9871 0.0000
vt 0.3782 0.9694 0.0000
vt 0.4107 0.9848 0.0000
vt 0.3896 0.9886 0.0000
vt 0.3608 0.9713 0.0000
vt 0.3956 0.9674 0.0000
vt 0.4318 0.9809 0.0000
vt 0.3812 0.9732 0.0000
vt 0.3533 0.9837 0.0000
vt 0.3328 0.9804 0.0000
vt 0.3641 0.9715 0.0000
vt 0.3983 0.9749 0.0000
vt 0.3738 0.9871 0.0000
vt 0.5052 0.9694 0.0000
vt 0.5376 0.9848 0.0000
vt 0.5166 0.9886 0.0000
vt 0.4878 0.9713 0.0000
vt 0.5226 0.9674 0.0000
vt 0.5587 0.9809 0.0000
vt 0.5082 0.9732 0.0000
vt 0.4802 0.9837 0.0000
vt 0.4597 0.9804 0.0000
vt 0.4911 0.9715 0.0000
vt 0.5253 0.9749 0.0000
vt 0.5007 0.9871 0.0000
vt 0.6321 0.9694 0.0000
vt 0.6646 0.9848 0.0000
vt 0.6435 0.9886 0.0000
vt 0.6147 0.9713 0.0000
vt 0.6495 0.9674 0.0000
vt 0.6857 0.9809 0.0000
vt 0.6352 0.9732 0.0000
vt 0.6072 0.9837 0.0000
vt 0.5867 0.9804 0.0000
vt 0.6181 0.9715 0.0000
vt 0.6523 0.9749 0.0000
vt 0.6277 0.9871 0.0000
vt 0.7591 0.9694 0.0000
vt 0.7916 0.9848 0.0000
vt 0.7705 0.9886 0.0000
vt 0.7417 0.9713 0.0000
vt 0.7765 0.9674 0.0000
vt 0.8127 0.9809 0.0000
vt 0.7621 0.9732 0.0000
vt 0.7342 0.9837 0.0000
vt 0.7137 0.9804 0.0000
vt 0.7450 0.9715 0.0000
vt 0.7793 0.9749 0.0000
vt 0.7547 0.9871 0.0000
vt 0.9109 0.9571 0.0000
vt 0.9109 0.9405 0.0000
vt 0.8454 0.9405 0.0000
vt 0.8454 0.9571 0.0000
vt 0.0554 0.4846 0.0000
vt 0.0554 0.0913 0.0000
vt 0.1235 0.5000 0.0000
vt 0.1235 0.8728 0.0000
vt 0.1870 0.5000 0.0000
vt 0.1870 0.8728 0.0000
vt 0.2505 0.5000 0.0000
vt 0.2505 0.8728 0.0000
vt 0.3140 0.5000 0.0000
vt 0.3140 0.8728 0.0000
vt 0.3775 0.5000 0.0000
vt 0.3775 0.8728 0.0000
vt 0.4410 0.5000 0.0000
vt 0.4410 0.8728 0.0000
vt 0.8265 0.5154 0.0000
vt 0.8265 0.9087 0.0000
vt 0.7584 0.5000 0.0000
vt 0.7584 0.8728 0.0000
vt 0.6949 0.5000 0.0000
vt 0.6949 0.8728 0.0000
vt 0.6314 0.5000 0.0000
vt 0.6314 0.8728 0.0000
vt 0.5679 0.5000 0.0000
vt 0.5679 0.8728 0.0000
vt 0.5044 0.5000 0.0000
vt 0.5044 0.8728 0.0000
vt 0.9446 0.5154 0.0000
vt 0.9446 0.9087 0.0000
vt 0.8765 0.5000 0.0000
vt 0.8765 0.1272 0.0000
vt 0.8765 0.8728 0.0000
vt 0.8130 0.5000 0.0000
vt 0.8130 0.1272 0.0000
vt 0.8130 0.8728 0.0000
vt 0.7495 0.5000 0.0000
vt 0.7495 0.1272 0.0000
vt 0.7495 0.8728 0.0000
vt 0.6860 0.5000 0.0000
vt 0.6860 0.1272 0.0000
vt 0.6860 0.8728 0.0000
vt 0.6225 0.5000 0.0000
vt 0.6225 0.1272 0.0000
vt 0.6225 0.8728 0.0000
vt 0.5590 0.5000 0.0000
vt 0.5590 0.1272 0.0000
vt 0.5590 0.8728 0.0000
vt 0.1735 0.4846 0.0000
vt 0.1735 0.0913 0.0000
vt 0.2416 0.5000 0.0000
vt 0.2416 0.8728 0.0000
vt 0.2416 0.1272 0.0000
vt 0.3051 0.5000 0.0000
vt 0.3051 0.8728 0.0000
vt 0.3051 0.1272 0.0000
vt 0.3686 0.5000 0.0000
vt 0.3686 0.8728 0.0000
vt 0.3686 0.1272 0.0000
vt 0.4321 0.5000 0.0000
vt 0.4321 0.8728 0.0000
vt 0.4321 0.1272 0.0000
vt 0.4956 0.5000 0.0000
vt 0.4956 0.8728 0.0000
vt 0.4956 0.1272 0.0000
vt 0.9427 0.5022 0.0000
vt 0.9427 0.9682 0.0000
vt 0.8765 0.0417 0.0000
vt 0.8130 0.0417 0.0000
vt 0.7495 0.0417 0.0000
vt 0.6860 0.0417 0.0000
vt 0.6225 0.0417 0.0000
vt 0.5590 0.0417 0.0000
vt 0.1754 0.4978 0.0000
vt 0.1754 0.0318 0.0000
vt 0.2416 0.0417 0.0000
vt 0.3051 0.0417 0.0000
vt 0.3686 0.0417 0.0000
vt 0.4321 0.0417 0.0000
vt 0.4956 0.0417 0.0000
vt 0.8246 0.5022 0.0000
vt 0.8246 0.9682 0.0000
vt 0.0573 0.4978 0.0000
vt 0.0573 0.0318 0.0000
# 1373 texture coords

g Box20193
usemtl _crayfishdiffuse
s off
f -930/-1373/-355 -929/-1372/-355 -928/-1371/-355 -927/-1370/-355 
f -926/-1369/-354 -930/-1373/-354 -927/-1370/-354 -925/-1368/-354 
f -930/-1373/-353 -926/-1369/-353 -924/-1367/-353 -923/-1366/-353 
f -929/-1372/-352 -930/-1373/-352 -923/-1366/-352 -922/-1365/-352 
f -921/-1364/-351 -920/-1363/-351 -919/-1362/-351 -918/-1361/-351 
f -917/-1360/-350 -921/-1364/-350 -918/-1361/-350 -916/-1359/-350 
f -921/-1364/-349 -917/-1360/-349 -915/-1358/-349 -914/-1357/-349 
f -920/-1363/-348 -921/-1364/-348 -914/-1357/-348 -913/-1356/-348 
f -912/-1355/-347 -911/-1354/-347 -910/-1353/-347 -909/-1352/-347 
f -908/-1351/-346 -912/-1355/-346 -909/-1352/-346 -907/-1350/-346 
f -912/-1355/-345 -908/-1351/-345 -906/-1349/-345 -905/-1348/-345 
f -911/-1354/-344 -912/-1355/-344 -905/-1348/-344 -904/-1347/-344 
f -903/-1346/-343 -902/-1345/-343 -901/-1344/-343 -900/-1343/-343 
f -899/-1342/-342 -903/-1346/-342 -900/-1343/-342 -898/-1341/-342 
f -903/-1346/-341 -899/-1342/-341 -897/-1340/-341 -896/-1339/-341 
f -902/-1345/-340 -903/-1346/-340 -896/-1339/-340 -895/-1338/-340 
f -894/-1337/-339 -893/-1336/-339 -892/-1335/-339 -891/-1334/-339 
f -890/-1333/-338 -894/-1337/-338 -891/-1334/-338 -889/-1332/-338 
f -894/-1337/-337 -890/-1333/-337 -888/-1331/-337 -887/-1330/-337 
f -893/-1336/-336 -894/-1337/-336 -887/-1330/-336 -886/-1329/-336 
f -885/-1346/-335 -884/-1328/-335 -883/-1327/-335 -882/-1326/-335 
f -881/-1325/-334 -885/-1346/-334 -882/-1326/-334 -880/-1341/-334 
f -885/-1346/-333 -881/-1325/-333 -879/-1340/-333 -878/-1324/-333 
f -884/-1328/-332 -885/-1346/-332 -878/-1324/-332 -877/-1323/-332 
f -876/-1322/-331 -875/-1321/-331 -874/-1320/-331 -873/-1319/-331 
f -872/-1318/-330 -876/-1322/-330 -873/-1319/-330 -871/-1317/-330 
f -876/-1322/-329 -872/-1318/-329 -870/-1316/-329 -869/-1315/-329 
f -875/-1321/-328 -876/-1322/-328 -869/-1315/-328 -868/-1314/-328 
f -867/-1313/-355 -866/-1312/-355 -865/-1311/-355 -864/-1310/-355 
f -863/-1309/-327 -867/-1313/-327 -864/-1310/-327 -862/-1308/-327 
f -867/-1313/-326 -863/-1309/-326 -861/-1307/-326 -860/-1306/-326 
f -866/-1312/-352 -867/-1313/-352 -860/-1306/-352 -859/-1305/-352 
f -858/-1304/-325 -857/-1303/-325 -856/-1302/-325 -855/-1301/-325 
f -854/-1300/-324 -858/-1304/-324 -855/-1301/-324 -853/-1299/-324 
f -858/-1304/-323 -854/-1300/-323 -852/-1298/-323 -851/-1297/-323 
f -857/-1303/-322 -858/-1304/-322 -851/-1297/-322 -850/-1296/-322 
f -849/-1295/-355 -848/-1294/-355 -847/-1293/-355 -846/-1292/-355 
f -845/-1291/-354 -849/-1295/-354 -846/-1292/-354 -844/-1290/-354 
f -849/-1295/-353 -845/-1291/-353 -843/-1289/-353 -842/-1288/-353 
f -848/-1294/-352 -849/-1295/-352 -842/-1288/-352 -841/-1287/-352 
f -840/-1286/-325 -839/-1285/-325 -838/-1284/-325 -837/-1283/-325 
f -836/-1282/-324 -840/-1286/-324 -837/-1283/-324 -835/-1281/-324 
f -840/-1286/-323 -836/-1282/-323 -834/-1280/-323 -833/-1279/-323 
f -839/-1285/-322 -840/-1286/-322 -833/-1279/-322 -832/-1278/-322 
f -831/-1277/-355 -830/-1276/-355 -829/-1275/-355 -828/-1274/-355 
f -827/-1273/-354 -831/-1277/-354 -828/-1274/-354 -826/-1272/-354 
f -831/-1277/-353 -827/-1273/-353 -825/-1271/-353 -824/-1270/-353 
f -830/-1276/-352 -831/-1277/-352 -824/-1270/-352 -823/-1269/-352 
f -822/-1268/-325 -821/-1267/-325 -820/-1266/-325 -819/-1265/-325 
f -818/-1264/-324 -822/-1268/-324 -819/-1265/-324 -817/-1263/-324 
f -822/-1268/-323 -818/-1264/-323 -816/-1262/-323 -815/-1261/-323 
f -821/-1267/-322 -822/-1268/-322 -815/-1261/-322 -814/-1260/-322 
f -813/-1259/-321 -812/-1258/-321 -811/-1257/-321 -810/-1256/-321 
f -809/-1255/-320 -813/-1259/-320 -810/-1256/-320 -808/-1254/-320 
f -813/-1259/-319 -809/-1255/-319 -807/-1253/-319 -806/-1252/-319 
f -812/-1258/-318 -813/-1259/-318 -806/-1252/-318 -805/-1251/-318 
f -804/-1250/-323 -803/-1249/-323 -802/-1248/-323 -801/-1247/-323 
f -800/-1246/-317 -804/-1250/-317 -801/-1247/-317 -799/-1245/-317 
f -804/-1250/-316 -800/-1246/-316 -798/-1244/-316 -797/-1243/-316 
f -803/-1249/-324 -804/-1250/-324 -797/-1243/-324 -796/-1242/-324 
f -795/-1241/-353 -794/-1240/-353 -793/-1239/-353 -792/-1238/-353 
f -791/-1237/-352 -795/-1241/-352 -792/-1238/-352 -790/-1236/-352 
f -795/-1241/-355 -791/-1237/-355 -789/-1235/-355 -788/-1234/-355 
f -794/-1240/-354 -795/-1241/-354 -788/-1234/-354 -787/-1233/-354 
f -786/-1232/-323 -785/-1231/-323 -784/-1230/-323 -783/-1229/-323 
f -782/-1228/-322 -786/-1232/-322 -783/-1229/-322 -781/-1227/-322 
f -786/-1232/-325 -782/-1228/-325 -780/-1226/-325 -779/-1225/-325 
f -785/-1231/-324 -786/-1232/-324 -779/-1225/-324 -778/-1224/-324 
f -777/-1223/-353 -776/-1222/-353 -775/-1221/-353 -774/-1220/-353 
f -773/-1219/-352 -777/-1223/-352 -774/-1220/-352 -772/-1218/-352 
f -777/-1223/-355 -773/-1219/-355 -771/-1217/-355 -770/-1216/-355 
f -776/-1222/-354 -777/-1223/-354 -770/-1216/-354 -769/-1215/-354 
f -768/-1214/-323 -767/-1213/-323 -766/-1212/-323 -765/-1211/-323 
f -764/-1210/-322 -768/-1214/-322 -765/-1211/-322 -763/-1209/-322 
f -768/-1214/-325 -764/-1210/-325 -762/-1208/-325 -761/-1207/-325 
f -767/-1213/-324 -768/-1214/-324 -761/-1207/-324 -760/-1206/-324 
f -759/-1205/-315 -758/-1204/-315 -757/-1203/-315 -756/-1202/-315 
f -755/-1255/-314 -759/-1205/-314 -756/-1202/-314 -754/-1254/-314 
f -759/-1205/-313 -755/-1255/-313 -753/-1253/-313 -752/-1201/-313 
f -758/-1204/-312 -759/-1205/-312 -752/-1201/-312 -751/-1200/-312 
f -750/-1199/-351 -749/-1198/-351 -748/-1197/-351 -747/-1196/-351 
f -746/-1195/-311 -750/-1199/-311 -747/-1196/-311 -745/-1194/-311 
f -750/-1199/-310 -746/-1195/-310 -744/-1193/-310 -743/-1192/-310 
f -749/-1198/-348 -750/-1199/-348 -743/-1192/-348 -742/-1191/-348 
f -741/-1190/-309 -740/-1189/-309 -739/-1188/-309 -738/-1187/-309 
f -737/-1186/-308 -741/-1190/-308 -738/-1187/-308 -736/-1185/-308 
f -741/-1190/-307 -737/-1186/-307 -735/-1184/-307 -734/-1183/-307 
f -740/-1189/-306 -741/-1190/-306 -734/-1183/-306 -733/-1182/-306 
f -732/-1181/-351 -731/-1180/-351 -730/-1179/-351 -729/-1178/-351 
f -728/-1177/-350 -732/-1181/-350 -729/-1178/-350 -727/-1176/-350 
f -732/-1181/-349 -728/-1177/-349 -726/-1175/-349 -725/-1174/-349 
f -731/-1180/-348 -732/-1181/-348 -725/-1174/-348 -724/-1173/-348 
f -723/-1172/-309 -722/-1171/-309 -721/-1170/-309 -720/-1169/-309 
f -719/-1168/-308 -723/-1172/-308 -720/-1169/-308 -718/-1167/-308 
f -723/-1172/-307 -719/-1168/-307 -717/-1166/-307 -716/-1165/-307 
f -722/-1171/-306 -723/-1172/-306 -716/-1165/-306 -715/-1164/-306 
f -714/-1163/-351 -713/-1162/-351 -712/-1161/-351 -711/-1160/-351 
f -710/-1159/-350 -714/-1163/-350 -711/-1160/-350 -709/-1158/-350 
f -714/-1163/-349 -710/-1159/-349 -708/-1157/-349 -707/-1156/-349 
f -713/-1162/-348 -714/-1163/-348 -707/-1156/-348 -706/-1155/-348 
f -705/-1154/-309 -704/-1153/-309 -703/-1152/-309 -702/-1151/-309 
f -701/-1150/-308 -705/-1154/-308 -702/-1151/-308 -700/-1149/-308 
f -705/-1154/-307 -701/-1150/-307 -699/-1148/-307 -698/-1147/-307 
f -704/-1153/-306 -705/-1154/-306 -698/-1147/-306 -697/-1146/-306 
f -696/-1145/-305 -695/-1144/-305 -694/-1143/-305 -693/-1142/-305 
f -692/-1318/-304 -696/-1145/-304 -693/-1142/-304 -691/-1317/-304 
f -696/-1145/-303 -692/-1318/-303 -690/-1316/-303 -689/-1141/-303 
f -695/-1144/-302 -696/-1145/-302 -689/-1141/-302 -688/-1140/-302 
f -687/-1139/-307 -686/-1138/-307 -685/-1137/-307 -684/-1136/-307 
f -683/-1135/-301 -687/-1139/-301 -684/-1136/-301 -682/-1134/-301 
f -687/-1139/-300 -683/-1135/-300 -681/-1133/-300 -680/-1132/-300 
f -686/-1138/-308 -687/-1139/-308 -680/-1132/-308 -679/-1131/-308 
f -678/-1130/-349 -677/-1129/-349 -676/-1128/-349 -675/-1127/-349 
f -674/-1126/-348 -678/-1130/-348 -675/-1127/-348 -673/-1125/-348 
f -678/-1130/-351 -674/-1126/-351 -672/-1124/-351 -671/-1123/-351 
f -677/-1129/-350 -678/-1130/-350 -671/-1123/-350 -670/-1122/-350 
f -669/-1121/-307 -668/-1120/-307 -667/-1119/-307 -666/-1118/-307 
f -665/-1117/-306 -669/-1121/-306 -666/-1118/-306 -664/-1116/-306 
f -669/-1121/-309 -665/-1117/-309 -663/-1115/-309 -662/-1114/-309 
f -668/-1120/-308 -669/-1121/-308 -662/-1114/-308 -661/-1113/-308 
f -660/-1112/-349 -659/-1111/-349 -658/-1110/-349 -657/-1109/-349 
f -656/-1108/-348 -660/-1112/-348 -657/-1109/-348 -655/-1107/-348 
f -660/-1112/-351 -656/-1108/-351 -654/-1106/-351 -653/-1105/-351 
f -659/-1111/-350 -660/-1112/-350 -653/-1105/-350 -652/-1104/-350 
f -651/-1103/-307 -650/-1102/-307 -649/-1101/-307 -648/-1100/-307 
f -647/-1099/-306 -651/-1103/-306 -648/-1100/-306 -646/-1098/-306 
f -651/-1103/-309 -647/-1099/-309 -645/-1097/-309 -644/-1096/-309 
f -650/-1102/-308 -651/-1103/-308 -644/-1096/-308 -643/-1095/-308 
f -642/-1205/-299 -641/-1094/-299 -640/-1093/-299 -639/-1092/-299 
f -638/-1255/-298 -642/-1205/-298 -639/-1092/-298 -637/-1091/-298 
f -642/-1205/-297 -638/-1255/-297 -636/-1090/-297 -635/-1089/-297 
f -641/-1094/-296 -642/-1205/-296 -635/-1089/-296 -634/-1088/-296 
f -633/-1087/-347 -632/-1086/-347 -631/-1085/-347 -630/-1084/-347 
f -629/-1083/-295 -633/-1087/-295 -630/-1084/-295 -628/-1082/-295 
f -633/-1087/-294 -629/-1083/-294 -627/-1081/-294 -626/-1080/-294 
f -632/-1086/-344 -633/-1087/-344 -626/-1080/-344 -625/-1079/-344 
f -624/-1078/-293 -623/-1077/-293 -622/-1076/-293 -621/-1075/-293 
f -620/-1074/-292 -624/-1078/-292 -621/-1075/-292 -619/-1073/-292 
f -624/-1078/-291 -620/-1074/-291 -618/-1072/-291 -617/-1071/-291 
f -623/-1077/-290 -624/-1078/-290 -617/-1071/-290 -616/-1070/-290 
f -615/-1069/-347 -614/-1068/-347 -613/-1067/-347 -612/-1066/-347 
f -611/-1065/-346 -615/-1069/-346 -612/-1066/-346 -610/-1064/-346 
f -615/-1069/-345 -611/-1065/-345 -609/-1063/-345 -608/-1062/-345 
f -614/-1068/-344 -615/-1069/-344 -608/-1062/-344 -607/-1061/-344 
f -606/-1060/-293 -605/-1059/-293 -604/-1058/-293 -603/-1057/-293 
f -602/-1056/-292 -606/-1060/-292 -603/-1057/-292 -601/-1055/-292 
f -606/-1060/-291 -602/-1056/-291 -600/-1054/-291 -599/-1053/-291 
f -605/-1059/-290 -606/-1060/-290 -599/-1053/-290 -598/-1052/-290 
f -597/-1051/-347 -596/-1050/-347 -595/-1049/-347 -594/-1048/-347 
f -593/-1047/-346 -597/-1051/-346 -594/-1048/-346 -592/-1046/-346 
f -597/-1051/-345 -593/-1047/-345 -591/-1045/-345 -590/-1044/-345 
f -596/-1050/-344 -597/-1051/-344 -590/-1044/-344 -589/-1043/-344 
f -588/-1042/-293 -587/-1041/-293 -586/-1040/-293 -585/-1039/-293 
f -584/-1038/-292 -588/-1042/-292 -585/-1039/-292 -583/-1037/-292 
f -588/-1042/-291 -584/-1038/-291 -582/-1036/-291 -581/-1035/-291 
f -587/-1041/-290 -588/-1042/-290 -581/-1035/-290 -580/-1034/-290 
f -579/-1145/-289 -578/-1033/-289 -577/-1032/-289 -576/-1031/-289 
f -575/-1318/-288 -579/-1145/-288 -576/-1031/-288 -574/-1030/-288 
f -579/-1145/-287 -575/-1318/-287 -573/-1029/-287 -572/-1028/-287 
f -578/-1033/-286 -579/-1145/-286 -572/-1028/-286 -571/-1027/-286 
f -570/-1026/-291 -569/-1025/-291 -568/-1024/-291 -567/-1023/-291 
f -566/-1022/-285 -570/-1026/-285 -567/-1023/-285 -565/-1021/-285 
f -570/-1026/-284 -566/-1022/-284 -564/-1020/-284 -563/-1019/-284 
f -569/-1025/-292 -570/-1026/-292 -563/-1019/-292 -562/-1018/-292 
f -561/-1017/-345 -560/-1016/-345 -559/-1015/-345 -558/-1014/-345 
f -557/-1013/-344 -561/-1017/-344 -558/-1014/-344 -556/-1012/-344 
f -561/-1017/-347 -557/-1013/-347 -555/-1011/-347 -554/-1010/-347 
f -560/-1016/-346 -561/-1017/-346 -554/-1010/-346 -553/-1009/-346 
f -552/-1008/-291 -551/-1007/-291 -550/-1006/-291 -549/-1005/-291 
f -548/-1004/-290 -552/-1008/-290 -549/-1005/-290 -547/-1003/-290 
f -552/-1008/-293 -548/-1004/-293 -546/-1002/-293 -545/-1001/-293 
f -551/-1007/-292 -552/-1008/-292 -545/-1001/-292 -544/-1000/-292 
f -543/-999/-345 -542/-998/-345 -541/-997/-345 -540/-996/-345 
f -539/-995/-344 -543/-999/-344 -540/-996/-344 -538/-994/-344 
f -543/-999/-347 -539/-995/-347 -537/-993/-347 -536/-992/-347 
f -542/-998/-346 -543/-999/-346 -536/-992/-346 -535/-991/-346 
f -534/-990/-291 -533/-989/-291 -532/-988/-291 -531/-987/-291 
f -530/-986/-290 -534/-990/-290 -531/-987/-290 -529/-985/-290 
f -534/-990/-293 -530/-986/-293 -528/-984/-293 -527/-983/-293 
f -533/-989/-292 -534/-990/-292 -527/-983/-292 -526/-982/-292 
f -525/-1259/-283 -524/-981/-283 -523/-980/-283 -522/-979/-283 
f -521/-1255/-282 -525/-1259/-282 -522/-979/-282 -520/-1091/-282 
f -525/-1259/-281 -521/-1255/-281 -519/-1090/-281 -518/-978/-281 
f -524/-981/-280 -525/-1259/-280 -518/-978/-280 -517/-977/-280 
f -516/-976/-339 -515/-975/-339 -514/-974/-339 -513/-973/-339 
f -512/-972/-279 -516/-976/-279 -513/-973/-279 -511/-971/-279 
f -516/-976/-278 -512/-972/-278 -510/-970/-278 -509/-969/-278 
f -515/-975/-336 -516/-976/-336 -509/-969/-336 -508/-968/-336 
f -507/-967/-277 -506/-966/-277 -505/-965/-277 -504/-964/-277 
f -503/-963/-276 -507/-967/-276 -504/-964/-276 -502/-962/-276 
f -507/-967/-275 -503/-963/-275 -501/-961/-275 -500/-960/-275 
f -506/-966/-274 -507/-967/-274 -500/-960/-274 -499/-959/-274 
f -498/-958/-339 -497/-957/-339 -496/-956/-339 -495/-955/-339 
f -494/-954/-338 -498/-958/-338 -495/-955/-338 -493/-953/-338 
f -498/-958/-337 -494/-954/-337 -492/-952/-337 -491/-951/-337 
f -497/-957/-336 -498/-958/-336 -491/-951/-336 -490/-950/-336 
f -489/-949/-277 -488/-948/-277 -487/-947/-277 -486/-946/-277 
f -485/-945/-276 -489/-949/-276 -486/-946/-276 -484/-944/-276 
f -489/-949/-275 -485/-945/-275 -483/-943/-275 -482/-942/-275 
f -488/-948/-274 -489/-949/-274 -482/-942/-274 -481/-941/-274 
f -480/-940/-339 -479/-939/-339 -478/-938/-339 -477/-937/-339 
f -476/-936/-338 -480/-940/-338 -477/-937/-338 -475/-935/-338 
f -480/-940/-337 -476/-936/-337 -474/-934/-337 -473/-933/-337 
f -479/-939/-336 -480/-940/-336 -473/-933/-336 -472/-932/-336 
f -471/-931/-277 -470/-930/-277 -469/-929/-277 -468/-928/-277 
f -467/-927/-276 -471/-931/-276 -468/-928/-276 -466/-926/-276 
f -471/-931/-275 -467/-927/-275 -465/-925/-275 -464/-924/-275 
f -470/-930/-274 -471/-931/-274 -464/-924/-274 -463/-923/-274 
f -462/-1322/-273 -461/-922/-273 -460/-921/-273 -459/-920/-273 
f -458/-919/-272 -462/-1322/-272 -459/-920/-272 -457/-918/-272 
f -462/-1322/-271 -458/-919/-271 -456/-1029/-271 -455/-917/-271 
f -461/-922/-270 -462/-1322/-270 -455/-917/-270 -454/-916/-270 
f -453/-915/-275 -452/-914/-275 -451/-913/-275 -450/-912/-275 
f -449/-911/-269 -453/-915/-269 -450/-912/-269 -448/-910/-269 
f -453/-915/-268 -449/-911/-268 -447/-909/-268 -446/-908/-268 
f -452/-914/-276 -453/-915/-276 -446/-908/-276 -445/-907/-276 
f -444/-906/-337 -443/-905/-337 -442/-904/-337 -441/-903/-337 
f -440/-902/-336 -444/-906/-336 -441/-903/-336 -439/-901/-336 
f -444/-906/-339 -440/-902/-339 -438/-900/-339 -437/-899/-339 
f -443/-905/-338 -444/-906/-338 -437/-899/-338 -436/-898/-338 
f -435/-897/-275 -434/-896/-275 -433/-895/-275 -432/-894/-275 
f -431/-893/-274 -435/-897/-274 -432/-894/-274 -430/-892/-274 
f -435/-897/-277 -431/-893/-277 -429/-891/-277 -428/-890/-277 
f -434/-896/-276 -435/-897/-276 -428/-890/-276 -427/-889/-276 
f -426/-888/-337 -425/-887/-337 -424/-886/-337 -423/-885/-337 
f -422/-884/-336 -426/-888/-336 -423/-885/-336 -421/-883/-336 
f -426/-888/-339 -422/-884/-339 -420/-882/-339 -419/-881/-339 
f -425/-887/-338 -426/-888/-338 -419/-881/-338 -418/-880/-338 
f -417/-879/-275 -416/-878/-275 -415/-877/-275 -414/-876/-275 
f -413/-875/-274 -417/-879/-274 -414/-876/-274 -412/-874/-274 
f -417/-879/-277 -413/-875/-277 -411/-873/-277 -410/-872/-277 
f -416/-878/-276 -417/-879/-276 -410/-872/-276 -409/-871/-276 
f -408/-870/-267 -407/-869/-267 -808/-1254/-267 -406/-868/-267 
f -405/-867/-266 -408/-870/-266 -406/-868/-266 -573/-866/-266 
f -408/-870/-265 -405/-867/-265 -880/-865/-265 -407/-869/-265 
f -404/-864/-264 -403/-863/-264 -901/-1344/-264 -402/-862/-264 
f -401/-861/-263 -404/-864/-263 -402/-862/-263 -637/-860/-263 
f -404/-864/-262 -401/-861/-262 -870/-859/-262 -403/-863/-262 
f -400/-858/-261 -399/-857/-261 -883/-1327/-261 -398/-856/-261 
f -397/-855/-260 -400/-858/-260 -398/-856/-260 -520/-854/-260 
f -400/-858/-259 -397/-855/-259 -807/-853/-259 -399/-857/-259 
f -396/-852/-258 -395/-851/-258 -871/-1317/-258 -394/-850/-258 
f -393/-849/-257 -396/-852/-257 -394/-850/-257 -456/-848/-257 
f -396/-852/-256 -393/-849/-256 -898/-847/-256 -395/-851/-256 
f -392/-846/-255 -391/-845/-255 -574/-1030/-255 -390/-844/-255 
f -389/-843/-254 -392/-846/-254 -390/-844/-254 -690/-842/-254 
f -392/-846/-253 -389/-843/-253 -879/-841/-253 -391/-845/-253 
f -388/-840/-252 -387/-839/-252 -895/-1338/-252 -386/-838/-252 
f -385/-837/-251 -388/-840/-251 -386/-838/-251 -754/-836/-251 
f -388/-840/-250 -385/-837/-250 -636/-835/-250 -387/-839/-250 
f -384/-834/-249 -383/-833/-249 -877/-1323/-249 -382/-832/-249 
f -381/-831/-248 -384/-834/-248 -382/-832/-248 -691/-830/-248 
f -384/-834/-247 -381/-831/-247 -519/-829/-247 -383/-833/-247 
f -380/-828/-246 -379/-827/-246 -457/-918/-246 -378/-826/-246 
f -377/-825/-245 -380/-828/-245 -378/-826/-245 -753/-824/-245 
f -380/-828/-244 -377/-825/-244 -897/-823/-244 -379/-827/-244 
f -376/-822/-243 -375/-821/-243 -523/-980/-243 -374/-820/-243 
f -373/-819/-242 -376/-822/-242 -374/-820/-242 -511/-971/-242 
f -376/-822/-241 -373/-819/-241 -798/-818/-241 -372/-817/-241 
f -375/-821/-240 -376/-822/-240 -372/-817/-240 -805/-816/-240 
f -371/-815/-239 -370/-814/-239 -514/-974/-239 -369/-813/-239 
f -368/-812/-238 -371/-815/-238 -369/-813/-238 -502/-962/-238 
f -371/-815/-237 -368/-812/-237 -789/-811/-237 -367/-810/-237 
f -370/-814/-236 -371/-815/-236 -367/-810/-236 -796/-809/-236 
f -366/-808/-235 -365/-807/-235 -505/-965/-235 -364/-806/-235 
f -363/-805/-234 -366/-808/-234 -364/-806/-234 -493/-953/-234 
f -366/-808/-233 -363/-805/-233 -780/-804/-233 -362/-803/-233 
f -365/-807/-232 -366/-808/-232 -362/-803/-232 -787/-802/-232 
f -361/-801/-239 -360/-800/-239 -496/-956/-239 -359/-799/-239 
f -358/-798/-238 -361/-801/-238 -359/-799/-238 -484/-944/-238 
f -361/-801/-237 -358/-798/-237 -771/-797/-237 -357/-796/-237 
f -360/-800/-236 -361/-801/-236 -357/-796/-236 -778/-795/-236 
f -356/-794/-235 -355/-793/-235 -487/-947/-235 -354/-792/-235 
f -353/-791/-234 -356/-794/-234 -354/-792/-234 -475/-935/-234 
f -356/-794/-233 -353/-791/-233 -762/-790/-233 -352/-789/-233 
f -355/-793/-232 -356/-794/-232 -352/-789/-232 -769/-788/-232 
f -351/-787/-239 -350/-786/-239 -478/-938/-239 -349/-785/-239 
f -348/-784/-238 -351/-787/-238 -349/-785/-238 -466/-926/-238 
f -351/-787/-237 -348/-784/-237 -928/-783/-237 -347/-782/-237 
f -350/-786/-236 -351/-787/-236 -347/-782/-236 -760/-781/-236 
f -346/-780/-235 -345/-779/-235 -469/-929/-235 -344/-778/-235 
f -343/-777/-234 -346/-780/-234 -344/-778/-234 -889/-1332/-234 
f -346/-780/-233 -343/-777/-233 -820/-776/-233 -342/-775/-233 
f -345/-779/-232 -346/-780/-232 -342/-775/-232 -925/-774/-232 
f -341/-773/-239 -340/-772/-239 -892/-1335/-239 -339/-771/-239 
f -338/-770/-238 -341/-773/-238 -339/-771/-238 -409/-871/-238 
f -341/-773/-237 -338/-770/-237 -829/-769/-237 -337/-768/-237 
f -340/-772/-236 -341/-773/-236 -337/-768/-236 -817/-767/-236 
f -336/-766/-235 -335/-765/-235 -411/-873/-235 -334/-764/-235 
f -333/-763/-234 -336/-766/-234 -334/-764/-234 -418/-880/-234 
f -336/-766/-233 -333/-763/-233 -838/-762/-233 -332/-761/-233 
f -335/-765/-232 -336/-766/-232 -332/-761/-232 -826/-760/-232 
f -331/-759/-239 -330/-758/-239 -420/-882/-239 -329/-757/-239 
f -328/-756/-238 -331/-759/-238 -329/-757/-238 -427/-889/-238 
f -331/-759/-237 -328/-756/-237 -847/-755/-237 -327/-754/-237 
f -330/-758/-236 -331/-759/-236 -327/-754/-236 -835/-753/-236 
f -326/-752/-235 -325/-751/-235 -429/-891/-235 -324/-750/-235 
f -323/-749/-234 -326/-752/-234 -324/-750/-234 -436/-898/-234 
f -326/-752/-233 -323/-749/-233 -856/-748/-233 -322/-747/-233 
f -325/-751/-232 -326/-752/-232 -322/-747/-232 -844/-746/-232 
f -321/-745/-239 -320/-744/-239 -438/-900/-239 -319/-743/-239 
f -318/-742/-238 -321/-745/-238 -319/-743/-238 -445/-907/-238 
f -321/-745/-237 -318/-742/-237 -865/-741/-237 -317/-740/-237 
f -320/-744/-236 -321/-745/-236 -317/-740/-236 -853/-739/-236 
f -316/-738/-231 -315/-737/-231 -874/-1320/-231 -314/-736/-231 
f -313/-735/-230 -316/-738/-230 -314/-736/-230 -862/-1308/-230 
f -316/-738/-229 -313/-735/-229 -447/-734/-229 -312/-733/-229 
f -315/-737/-228 -316/-738/-228 -312/-733/-228 -454/-732/-228 
f -311/-731/-227 -310/-730/-227 -640/-1093/-227 -309/-729/-227 
f -308/-728/-226 -311/-731/-226 -309/-729/-226 -628/-1082/-226 
f -311/-731/-225 -308/-728/-225 -861/-727/-225 -307/-726/-225 
f -310/-730/-224 -311/-731/-224 -307/-726/-224 -868/-725/-224 
f -306/-724/-223 -305/-723/-223 -859/-1305/-223 -304/-722/-223 
f -303/-721/-222 -306/-724/-222 -304/-722/-222 -631/-720/-222 
f -306/-724/-221 -303/-721/-221 -619/-719/-221 -302/-718/-221 
f -305/-723/-220 -306/-724/-220 -302/-718/-220 -852/-1298/-220 
f -301/-717/-219 -300/-716/-219 -850/-1296/-219 -299/-715/-219 
f -298/-714/-218 -301/-717/-218 -299/-715/-218 -622/-713/-218 
f -301/-717/-217 -298/-714/-217 -610/-712/-217 -297/-711/-217 
f -300/-716/-216 -301/-717/-216 -297/-711/-216 -843/-1289/-216 
f -296/-710/-223 -295/-709/-223 -841/-1287/-223 -294/-708/-223 
f -293/-707/-222 -296/-710/-222 -294/-708/-222 -613/-706/-222 
f -296/-710/-221 -293/-707/-221 -601/-705/-221 -292/-704/-221 
f -295/-709/-220 -296/-710/-220 -292/-704/-220 -834/-1280/-220 
f -291/-703/-219 -290/-702/-219 -832/-1278/-219 -289/-701/-219 
f -288/-700/-218 -291/-703/-218 -289/-701/-218 -604/-699/-218 
f -291/-703/-217 -288/-700/-217 -592/-698/-217 -287/-697/-217 
f -290/-702/-216 -291/-703/-216 -287/-697/-216 -825/-1271/-216 
f -286/-696/-223 -285/-695/-223 -823/-1269/-223 -284/-694/-223 
f -283/-693/-222 -286/-696/-222 -284/-694/-222 -595/-692/-222 
f -286/-696/-221 -283/-693/-221 -583/-691/-221 -282/-690/-221 
f -285/-695/-220 -286/-696/-220 -282/-690/-220 -816/-1262/-220 
f -281/-689/-219 -280/-688/-219 -814/-1260/-219 -279/-687/-219 
f -278/-686/-218 -281/-689/-218 -279/-687/-218 -586/-685/-218 
f -281/-689/-217 -278/-686/-217 -907/-684/-217 -277/-683/-217 
f -280/-688/-216 -281/-689/-216 -277/-683/-216 -924/-1367/-216 
f -276/-682/-223 -275/-681/-223 -922/-1365/-223 -274/-680/-223 
f -273/-679/-222 -276/-682/-222 -274/-680/-222 -910/-678/-222 
f -276/-682/-221 -273/-679/-221 -526/-677/-221 -272/-676/-221 
f -275/-681/-220 -276/-682/-220 -272/-676/-220 -766/-1212/-220 
f -271/-675/-219 -270/-674/-219 -763/-1209/-219 -269/-673/-219 
f -268/-672/-218 -271/-675/-218 -269/-673/-218 -528/-671/-218 
f -271/-675/-217 -268/-672/-217 -535/-670/-217 -267/-669/-217 
f -270/-674/-216 -271/-675/-216 -267/-669/-216 -775/-1221/-216 
f -266/-668/-223 -265/-667/-223 -772/-1218/-223 -264/-666/-223 
f -263/-665/-222 -266/-668/-222 -264/-666/-222 -537/-664/-222 
f -266/-668/-221 -263/-665/-221 -544/-663/-221 -262/-662/-221 
f -265/-667/-220 -266/-668/-220 -262/-662/-220 -784/-1230/-220 
f -261/-661/-219 -260/-660/-219 -781/-1227/-219 -259/-659/-219 
f -258/-658/-218 -261/-661/-218 -259/-659/-218 -546/-657/-218 
f -261/-661/-217 -258/-658/-217 -553/-656/-217 -257/-655/-217 
f -260/-660/-216 -261/-661/-216 -257/-655/-216 -793/-1239/-216 
f -256/-654/-223 -255/-653/-223 -790/-1236/-223 -254/-652/-223 
f -253/-651/-222 -256/-654/-222 -254/-652/-222 -555/-650/-222 
f -256/-654/-221 -253/-651/-221 -562/-649/-221 -252/-648/-221 
f -255/-653/-220 -256/-654/-220 -252/-648/-220 -802/-1248/-220 
f -251/-647/-215 -250/-646/-215 -811/-1257/-215 -249/-645/-215 
f -248/-644/-214 -251/-647/-214 -249/-645/-214 -799/-1245/-214 
f -251/-647/-213 -248/-644/-213 -564/-643/-213 -247/-642/-213 
f -250/-646/-212 -251/-647/-212 -247/-642/-212 -571/-641/-212 
f -246/-640/-211 -245/-639/-211 -577/-1032/-211 -244/-638/-211 
f -243/-637/-210 -246/-640/-210 -244/-638/-210 -565/-1021/-210 
f -246/-640/-209 -243/-637/-209 -681/-636/-209 -242/-635/-209 
f -245/-639/-208 -246/-640/-208 -242/-635/-208 -688/-634/-208 
f -241/-633/-207 -240/-632/-207 -556/-1012/-207 -239/-631/-207 
f -238/-630/-206 -241/-633/-206 -239/-631/-206 -672/-629/-206 
f -241/-633/-205 -238/-630/-205 -679/-628/-205 -237/-627/-205 
f -240/-632/-204 -241/-633/-204 -237/-627/-204 -568/-1024/-204 
f -236/-626/-203 -235/-625/-203 -547/-1003/-203 -234/-624/-203 
f -233/-623/-202 -236/-626/-202 -234/-624/-202 -663/-622/-202 
f -236/-626/-201 -233/-623/-201 -670/-621/-201 -232/-620/-201 
f -235/-625/-200 -236/-626/-200 -232/-620/-200 -559/-1015/-200 
f -231/-619/-207 -230/-618/-207 -538/-994/-207 -229/-617/-207 
f -228/-616/-206 -231/-619/-206 -229/-617/-206 -654/-615/-206 
f -231/-619/-205 -228/-616/-205 -661/-614/-205 -227/-613/-205 
f -230/-618/-204 -231/-619/-204 -227/-613/-204 -550/-1006/-204 
f -226/-612/-203 -225/-611/-203 -529/-985/-203 -224/-610/-203 
f -223/-609/-202 -226/-612/-202 -224/-610/-202 -645/-608/-202 
f -226/-612/-201 -223/-609/-201 -652/-607/-201 -222/-606/-201 
f -225/-611/-200 -226/-612/-200 -222/-606/-200 -541/-997/-200 
f -221/-605/-207 -220/-604/-207 -904/-1347/-207 -219/-603/-207 
f -218/-602/-206 -221/-605/-206 -219/-603/-206 -919/-601/-206 
f -221/-605/-205 -218/-602/-205 -643/-600/-205 -217/-599/-205 
f -220/-604/-204 -221/-605/-204 -217/-599/-204 -532/-988/-204 
f -216/-598/-203 -215/-597/-203 -580/-1034/-203 -214/-596/-203 
f -213/-595/-202 -216/-598/-202 -214/-596/-202 -703/-594/-202 
f -216/-598/-201 -213/-595/-201 -916/-593/-201 -212/-592/-201 
f -215/-597/-200 -216/-598/-200 -212/-592/-200 -906/-1349/-200 
f -211/-591/-207 -210/-590/-207 -589/-1043/-207 -209/-589/-207 
f -208/-588/-206 -211/-591/-206 -209/-589/-206 -712/-587/-206 
f -211/-591/-205 -208/-588/-205 -700/-586/-205 -207/-585/-205 
f -210/-590/-204 -211/-591/-204 -207/-585/-204 -582/-1036/-204 
f -206/-584/-203 -205/-583/-203 -598/-1052/-203 -204/-582/-203 
f -203/-581/-202 -206/-584/-202 -204/-582/-202 -721/-580/-202 
f -206/-584/-201 -203/-581/-201 -709/-579/-201 -202/-578/-201 
f -205/-583/-200 -206/-584/-200 -202/-578/-200 -591/-1045/-200 
f -201/-577/-207 -200/-576/-207 -607/-1061/-207 -199/-575/-207 
f -198/-574/-206 -201/-577/-206 -199/-575/-206 -730/-573/-206 
f -201/-577/-205 -198/-574/-205 -718/-572/-205 -197/-571/-205 
f -200/-576/-204 -201/-577/-204 -197/-571/-204 -600/-1054/-204 
f -196/-570/-203 -195/-569/-203 -616/-1070/-203 -194/-568/-203 
f -193/-567/-202 -196/-570/-202 -194/-568/-202 -739/-566/-202 
f -196/-570/-201 -193/-567/-201 -727/-565/-201 -192/-564/-201 
f -195/-569/-200 -196/-570/-200 -192/-564/-200 -609/-1063/-200 
f -191/-563/-207 -190/-562/-207 -625/-1079/-207 -189/-561/-207 
f -188/-560/-206 -191/-563/-206 -189/-561/-206 -748/-559/-206 
f -191/-563/-205 -188/-560/-205 -736/-558/-205 -187/-557/-205 
f -190/-562/-204 -191/-563/-204 -187/-557/-204 -618/-1072/-204 
f -186/-556/-199 -185/-555/-199 -757/-1203/-199 -184/-554/-199 
f -183/-553/-198 -186/-556/-198 -184/-554/-198 -745/-1194/-198 
f -186/-556/-197 -183/-553/-197 -627/-552/-197 -182/-551/-197 
f -185/-555/-196 -186/-556/-196 -182/-551/-196 -634/-550/-196 
f -181/-549/-195 -180/-548/-195 -460/-921/-195 -179/-547/-195 
f -178/-546/-194 -181/-549/-194 -179/-547/-194 -448/-910/-194 
f -181/-549/-193 -178/-546/-193 -744/-545/-193 -177/-544/-193 
f -180/-548/-192 -181/-549/-192 -177/-544/-192 -751/-543/-192 
f -176/-542/-191 -175/-541/-191 -439/-901/-191 -174/-540/-191 
f -173/-539/-190 -176/-542/-190 -174/-540/-190 -735/-538/-190 
f -176/-542/-189 -173/-539/-189 -742/-537/-189 -172/-536/-189 
f -175/-541/-188 -176/-542/-188 -172/-536/-188 -451/-913/-188 
f -171/-535/-187 -170/-534/-187 -430/-892/-187 -169/-533/-187 
f -168/-532/-186 -171/-535/-186 -169/-533/-186 -726/-531/-186 
f -171/-535/-185 -168/-532/-185 -733/-530/-185 -167/-529/-185 
f -170/-534/-184 -171/-535/-184 -167/-529/-184 -442/-904/-184 
f -166/-528/-191 -165/-527/-191 -421/-883/-191 -164/-526/-191 
f -163/-525/-190 -166/-528/-190 -164/-526/-190 -717/-524/-190 
f -166/-528/-189 -163/-525/-189 -724/-523/-189 -162/-522/-189 
f -165/-527/-183 -166/-528/-183 -162/-522/-183 -433/-895/-183 
f -161/-521/-187 -160/-520/-187 -412/-874/-187 -159/-519/-187 
f -158/-518/-186 -161/-521/-186 -159/-519/-186 -708/-517/-186 
f -161/-521/-185 -158/-518/-185 -715/-516/-185 -157/-515/-185 
f -160/-520/-184 -161/-521/-184 -157/-515/-184 -424/-886/-184 
f -156/-514/-191 -155/-513/-191 -886/-1329/-191 -154/-512/-191 
f -153/-511/-190 -156/-514/-190 -154/-512/-190 -699/-510/-190 
f -156/-514/-189 -153/-511/-189 -706/-509/-189 -152/-508/-189 
f -155/-513/-188 -156/-514/-188 -152/-508/-188 -415/-877/-188 
f -151/-507/-187 -150/-506/-187 -463/-923/-187 -149/-505/-187 
f -148/-504/-186 -151/-507/-186 -149/-505/-186 -915/-503/-186 
f -151/-507/-185 -148/-504/-185 -697/-502/-185 -147/-501/-185 
f -150/-506/-184 -151/-507/-184 -147/-501/-184 -888/-1331/-184 
f -146/-500/-191 -145/-499/-191 -472/-932/-191 -144/-498/-191 
f -143/-497/-190 -146/-500/-190 -144/-498/-190 -649/-496/-190 
f -146/-500/-189 -143/-497/-189 -913/-495/-189 -142/-494/-189 
f -145/-499/-188 -146/-500/-188 -142/-494/-188 -465/-925/-188 
f -141/-493/-187 -140/-492/-187 -481/-941/-187 -139/-491/-187 
f -138/-490/-186 -141/-493/-186 -139/-491/-186 -658/-489/-186 
f -141/-493/-185 -138/-490/-185 -646/-488/-185 -137/-487/-185 
f -140/-492/-184 -141/-493/-184 -137/-487/-184 -474/-934/-184 
f -136/-486/-191 -135/-485/-191 -490/-950/-191 -134/-484/-191 
f -133/-483/-190 -136/-486/-190 -134/-484/-190 -667/-482/-190 
f -136/-486/-189 -133/-483/-189 -655/-481/-189 -132/-480/-189 
f -135/-485/-188 -136/-486/-188 -132/-480/-188 -483/-943/-188 
f -131/-479/-187 -130/-478/-187 -499/-959/-187 -129/-477/-187 
f -128/-476/-186 -131/-479/-186 -129/-477/-186 -676/-475/-186 
f -131/-479/-185 -128/-476/-185 -664/-474/-185 -127/-473/-185 
f -130/-478/-184 -131/-479/-184 -127/-473/-184 -492/-952/-184 
f -126/-472/-191 -125/-471/-191 -508/-968/-191 -124/-470/-191 
f -123/-469/-190 -126/-472/-190 -124/-470/-190 -685/-468/-190 
f -126/-472/-189 -123/-469/-189 -673/-467/-189 -122/-466/-189 
f -125/-471/-188 -126/-472/-188 -122/-466/-188 -501/-961/-188 
f -121/-465/-182 -120/-464/-182 -694/-1143/-182 -119/-463/-182 
f -118/-462/-181 -121/-465/-181 -119/-463/-181 -682/-1134/-181 
f -121/-465/-180 -118/-462/-180 -510/-461/-180 -117/-460/-180 
f -120/-464/-179 -121/-465/-179 -117/-460/-179 -517/-459/-179 
f -116/-458/-178 -809/-457/-178 -808/-456/-178 -407/-455/-178 
f -882/-1326/-177 -116/-458/-177 -407/-455/-177 -880/-1341/-177 
f -116/-458/-176 -882/-1326/-176 -883/-1327/-176 -399/-454/-176 
f -809/-457/-175 -116/-458/-175 -399/-454/-175 -807/-453/-175 
f -115/-452/-174 -806/-451/-174 -807/-450/-174 -397/-449/-174 
f -522/-979/-173 -115/-452/-173 -397/-449/-173 -520/-1091/-173 
f -115/-452/-172 -522/-979/-172 -523/-980/-172 -375/-448/-172 
f -806/-451/-171 -115/-452/-171 -375/-448/-171 -805/-447/-171 
f -114/-446/-170 -872/-445/-170 -871/-444/-170 -395/-443/-170 
f -900/-1343/-169 -114/-446/-169 -395/-443/-169 -898/-1341/-169 
f -114/-446/-168 -900/-1343/-168 -901/-1344/-168 -403/-442/-168 
f -872/-445/-167 -114/-446/-167 -403/-442/-167 -870/-441/-167 
f -113/-440/-166 -869/-439/-166 -870/-450/-166 -401/-449/-166 
f -639/-1092/-165 -113/-440/-165 -401/-449/-165 -637/-1091/-165 
f -113/-440/-164 -639/-1092/-164 -640/-1093/-164 -310/-438/-164 
f -869/-439/-163 -113/-440/-163 -310/-438/-163 -868/-437/-163 
f -112/-436/-162 -689/-435/-162 -690/-434/-162 -390/-433/-162 
f -576/-1031/-161 -112/-436/-161 -390/-433/-161 -574/-1030/-161 
f -112/-436/-160 -576/-1031/-160 -577/-1032/-160 -245/-432/-160 
f -689/-435/-159 -112/-436/-159 -245/-432/-159 -688/-431/-159 
f -111/-430/-158 -755/-429/-158 -754/-428/-158 -386/-427/-158 
f -896/-1339/-157 -111/-430/-157 -386/-427/-157 -895/-1338/-157 
f -111/-430/-156 -896/-1339/-156 -897/-1340/-156 -377/-426/-156 
f -755/-429/-155 -111/-430/-155 -377/-426/-155 -753/-425/-155 
f -110/-424/-154 -752/-423/-154 -753/-434/-154 -378/-433/-154 
f -459/-920/-153 -110/-424/-153 -378/-433/-153 -457/-918/-153 
f -110/-424/-152 -459/-920/-152 -460/-921/-152 -180/-422/-152 
f -752/-423/-151 -110/-424/-151 -180/-422/-151 -751/-421/-151 
f -109/-420/-150 -692/-419/-150 -691/-418/-150 -382/-417/-150 
f -878/-1324/-149 -109/-420/-149 -382/-417/-149 -877/-1323/-149 
f -109/-420/-148 -878/-1324/-148 -879/-1340/-148 -389/-416/-148 
f -692/-419/-147 -109/-420/-147 -389/-416/-147 -690/-415/-147 
f -108/-414/-146 -638/-413/-146 -637/-412/-146 -402/-411/-146 
f -902/-1345/-145 -108/-414/-145 -402/-411/-145 -901/-1344/-145 
f -108/-414/-144 -902/-1345/-144 -895/-1338/-144 -387/-410/-144 
f -638/-413/-143 -108/-414/-143 -387/-410/-143 -636/-409/-143 
f -107/-408/-142 -575/-407/-142 -574/-406/-142 -391/-405/-142 
f -881/-1325/-141 -107/-408/-141 -391/-405/-141 -879/-1340/-141 
f -107/-408/-140 -881/-1325/-140 -880/-1341/-140 -405/-404/-140 
f -575/-407/-139 -107/-408/-139 -405/-404/-139 -573/-403/-139 
f -106/-402/-138 -899/-401/-138 -898/-400/-138 -393/-399/-138 
f -458/-919/-137 -106/-402/-137 -393/-399/-137 -456/-1029/-137 
f -106/-402/-136 -458/-919/-136 -457/-918/-136 -379/-398/-136 
f -899/-401/-135 -106/-402/-135 -379/-398/-135 -897/-397/-135 
f -105/-396/-134 -521/-395/-134 -520/-394/-134 -398/-393/-134 
f -884/-1328/-133 -105/-396/-133 -398/-393/-133 -883/-1327/-133 
f -105/-396/-132 -884/-1328/-132 -877/-1323/-132 -383/-392/-132 
f -521/-395/-131 -105/-396/-131 -383/-392/-131 -519/-391/-131 
f -104/-390/-130 -797/-389/-130 -798/-388/-130 -373/-387/-130 
f -513/-973/-129 -104/-390/-129 -373/-387/-129 -511/-971/-129 
f -104/-390/-128 -513/-973/-128 -514/-974/-128 -370/-386/-128 
f -797/-389/-127 -104/-390/-127 -370/-386/-127 -796/-385/-127 
f -103/-384/-126 -788/-383/-126 -789/-382/-126 -368/-381/-126 
f -504/-964/-125 -103/-384/-125 -368/-381/-125 -502/-962/-125 
f -103/-384/-124 -504/-964/-124 -505/-965/-124 -365/-380/-124 
f -788/-383/-123 -103/-384/-123 -365/-380/-123 -787/-379/-123 
f -102/-378/-122 -779/-377/-122 -780/-376/-122 -363/-375/-122 
f -495/-955/-121 -102/-378/-121 -363/-375/-121 -493/-953/-121 
f -102/-378/-128 -495/-955/-128 -496/-956/-128 -360/-374/-128 
f -779/-377/-127 -102/-378/-127 -360/-374/-127 -778/-373/-127 
f -101/-372/-126 -770/-371/-126 -771/-370/-126 -358/-369/-126 
f -486/-946/-125 -101/-372/-125 -358/-369/-125 -484/-944/-125 
f -101/-372/-124 -486/-946/-124 -487/-947/-124 -355/-368/-124 
f -770/-371/-123 -101/-372/-123 -355/-368/-123 -769/-367/-123 
f -100/-366/-122 -761/-365/-122 -762/-364/-122 -353/-363/-122 
f -477/-937/-121 -100/-366/-121 -353/-363/-121 -475/-935/-121 
f -100/-366/-128 -477/-937/-128 -478/-938/-128 -350/-362/-128 
f -761/-365/-127 -100/-366/-127 -350/-362/-127 -760/-361/-127 
f -99/-360/-126 -927/-359/-126 -928/-358/-126 -348/-357/-126 
f -468/-928/-125 -99/-360/-125 -348/-357/-125 -466/-926/-125 
f -99/-360/-124 -468/-928/-124 -469/-929/-124 -345/-356/-124 
f -927/-359/-123 -99/-360/-123 -345/-356/-123 -925/-355/-123 
f -98/-354/-122 -819/-353/-122 -820/-352/-122 -343/-351/-122 
f -891/-1334/-121 -98/-354/-121 -343/-351/-121 -889/-1332/-121 
f -98/-354/-128 -891/-1334/-128 -892/-1335/-128 -340/-350/-128 
f -819/-353/-127 -98/-354/-127 -340/-350/-127 -817/-349/-127 
f -97/-348/-126 -828/-347/-126 -829/-346/-126 -338/-345/-126 
f -410/-872/-125 -97/-348/-125 -338/-345/-125 -409/-871/-125 
f -97/-348/-124 -410/-872/-124 -411/-873/-124 -335/-344/-124 
f -828/-347/-123 -97/-348/-123 -335/-344/-123 -826/-343/-123 
f -96/-342/-122 -837/-341/-122 -838/-340/-122 -333/-339/-122 
f -419/-881/-121 -96/-342/-121 -333/-339/-121 -418/-880/-121 
f -96/-342/-128 -419/-881/-128 -420/-882/-128 -330/-338/-128 
f -837/-341/-127 -96/-342/-127 -330/-338/-127 -835/-337/-127 
f -95/-336/-126 -846/-335/-126 -847/-334/-126 -328/-333/-126 
f -428/-890/-125 -95/-336/-125 -328/-333/-125 -427/-889/-125 
f -95/-336/-124 -428/-890/-124 -429/-891/-124 -325/-332/-124 
f -846/-335/-123 -95/-336/-123 -325/-332/-123 -844/-331/-123 
f -94/-330/-122 -855/-329/-122 -856/-328/-122 -323/-327/-122 
f -437/-899/-121 -94/-330/-121 -323/-327/-121 -436/-898/-121 
f -94/-330/-128 -437/-899/-128 -438/-900/-128 -320/-326/-128 
f -855/-329/-127 -94/-330/-127 -320/-326/-127 -853/-325/-127 
f -93/-324/-126 -864/-323/-126 -865/-322/-126 -318/-321/-126 
f -446/-908/-125 -93/-324/-125 -318/-321/-125 -445/-907/-125 
f -93/-324/-120 -446/-908/-120 -447/-909/-120 -313/-320/-120 
f -864/-323/-119 -93/-324/-119 -313/-320/-119 -862/-319/-119 
f -92/-318/-118 -873/-317/-118 -874/-316/-118 -315/-315/-118 
f -455/-917/-117 -92/-318/-117 -315/-315/-117 -454/-916/-117 
f -92/-318/-116 -455/-917/-116 -456/-1029/-116 -394/-314/-116 
f -873/-317/-115 -92/-318/-115 -394/-314/-115 -871/-313/-115 
f -91/-312/-114 -860/-311/-114 -861/-310/-114 -308/-309/-114 
f -630/-1084/-113 -91/-312/-113 -308/-309/-113 -628/-1082/-113 
f -91/-312/-112 -630/-1084/-112 -631/-1085/-112 -304/-308/-112 
f -860/-311/-111 -91/-312/-111 -304/-308/-111 -859/-307/-111 
f -90/-306/-110 -851/-305/-110 -852/-304/-110 -302/-303/-110 
f -621/-1075/-109 -90/-306/-109 -302/-303/-109 -619/-1073/-109 
f -90/-306/-108 -621/-1075/-108 -622/-1076/-108 -299/-302/-108 
f -851/-305/-107 -90/-306/-107 -299/-302/-107 -850/-301/-107 
f -89/-300/-106 -842/-299/-106 -843/-298/-106 -297/-297/-106 
f -612/-1066/-105 -89/-300/-105 -297/-297/-105 -610/-1064/-105 
f -89/-300/-112 -612/-1066/-112 -613/-1067/-112 -294/-296/-112 
f -842/-299/-111 -89/-300/-111 -294/-296/-111 -841/-295/-111 
f -88/-294/-110 -833/-293/-110 -834/-292/-110 -292/-291/-110 
f -603/-1057/-109 -88/-294/-109 -292/-291/-109 -601/-1055/-109 
f -88/-294/-108 -603/-1057/-108 -604/-1058/-108 -289/-290/-108 
f -833/-293/-107 -88/-294/-107 -289/-290/-107 -832/-289/-107 
f -87/-288/-106 -824/-287/-106 -825/-286/-106 -287/-285/-106 
f -594/-1048/-105 -87/-288/-105 -287/-285/-105 -592/-1046/-105 
f -87/-288/-112 -594/-1048/-112 -595/-1049/-112 -284/-284/-112 
f -824/-287/-111 -87/-288/-111 -284/-284/-111 -823/-283/-111 
f -86/-282/-110 -815/-281/-110 -816/-280/-110 -282/-279/-110 
f -585/-1039/-109 -86/-282/-109 -282/-279/-109 -583/-1037/-109 
f -86/-282/-108 -585/-1039/-108 -586/-1040/-108 -279/-278/-108 
f -815/-281/-107 -86/-282/-107 -279/-278/-107 -814/-277/-107 
f -85/-276/-106 -923/-275/-106 -924/-274/-106 -277/-273/-106 
f -909/-1352/-105 -85/-276/-105 -277/-273/-105 -907/-1350/-105 
f -85/-276/-112 -909/-1352/-112 -910/-1353/-112 -274/-272/-112 
f -923/-275/-111 -85/-276/-111 -274/-272/-111 -922/-271/-111 
f -84/-270/-110 -765/-269/-110 -766/-268/-110 -272/-267/-110 
f -527/-983/-109 -84/-270/-109 -272/-267/-109 -526/-982/-109 
f -84/-270/-108 -527/-983/-108 -528/-984/-108 -269/-266/-108 
f -765/-269/-107 -84/-270/-107 -269/-266/-107 -763/-265/-107 
f -83/-264/-106 -774/-263/-106 -775/-262/-106 -267/-261/-106 
f -536/-992/-105 -83/-264/-105 -267/-261/-105 -535/-991/-105 
f -83/-264/-112 -536/-992/-112 -537/-993/-112 -264/-260/-112 
f -774/-263/-111 -83/-264/-111 -264/-260/-111 -772/-259/-111 
f -82/-258/-110 -783/-257/-110 -784/-256/-110 -262/-255/-110 
f -545/-1001/-109 -82/-258/-109 -262/-255/-109 -544/-1000/-109 
f -82/-258/-108 -545/-1001/-108 -546/-1002/-108 -259/-254/-108 
f -783/-257/-107 -82/-258/-107 -259/-254/-107 -781/-253/-107 
f -81/-252/-106 -792/-251/-106 -793/-250/-106 -257/-249/-106 
f -554/-1010/-105 -81/-252/-105 -257/-249/-105 -553/-1009/-105 
f -81/-252/-112 -554/-1010/-112 -555/-1011/-112 -254/-248/-112 
f -792/-251/-111 -81/-252/-111 -254/-248/-111 -790/-247/-111 
f -80/-246/-110 -801/-245/-110 -802/-244/-110 -252/-243/-110 
f -563/-1019/-109 -80/-246/-109 -252/-243/-109 -562/-1018/-109 
f -80/-246/-104 -563/-1019/-104 -564/-1020/-104 -248/-242/-104 
f -801/-245/-103 -80/-246/-103 -248/-242/-103 -799/-241/-103 
f -79/-240/-102 -810/-239/-102 -811/-238/-102 -250/-237/-102 
f -572/-1028/-101 -79/-240/-101 -250/-237/-101 -571/-1027/-101 
f -79/-240/-100 -572/-1028/-100 -573/-1029/-100 -406/-314/-100 
f -810/-239/-99 -79/-240/-99 -406/-314/-99 -808/-313/-99 
f -78/-236/-98 -680/-235/-98 -681/-234/-98 -243/-233/-98 
f -567/-1023/-97 -78/-236/-97 -243/-233/-97 -565/-1021/-97 
f -78/-236/-96 -567/-1023/-96 -568/-1024/-96 -237/-232/-96 
f -680/-235/-95 -78/-236/-95 -237/-232/-95 -679/-231/-95 
f -77/-230/-94 -671/-229/-94 -672/-228/-94 -239/-227/-94 
f -558/-1014/-93 -77/-230/-93 -239/-227/-93 -556/-1012/-93 
f -77/-230/-92 -558/-1014/-92 -559/-1015/-92 -232/-226/-92 
f -671/-229/-91 -77/-230/-91 -232/-226/-91 -670/-225/-91 
f -76/-224/-90 -662/-223/-90 -663/-222/-90 -234/-221/-90 
f -549/-1005/-89 -76/-224/-89 -234/-221/-89 -547/-1003/-89 
f -76/-224/-96 -549/-1005/-96 -550/-1006/-96 -227/-220/-96 
f -662/-223/-95 -76/-224/-95 -227/-220/-95 -661/-219/-95 
f -75/-218/-94 -653/-217/-94 -654/-216/-94 -229/-215/-94 
f -540/-996/-93 -75/-218/-93 -229/-215/-93 -538/-994/-93 
f -75/-218/-92 -540/-996/-92 -541/-997/-92 -222/-214/-92 
f -653/-217/-91 -75/-218/-91 -222/-214/-91 -652/-213/-91 
f -74/-212/-90 -644/-211/-90 -645/-210/-90 -224/-209/-90 
f -531/-987/-89 -74/-212/-89 -224/-209/-89 -529/-985/-89 
f -74/-212/-96 -531/-987/-96 -532/-988/-96 -217/-208/-96 
f -644/-211/-95 -74/-212/-95 -217/-208/-95 -643/-207/-95 
f -73/-206/-94 -918/-205/-94 -919/-204/-94 -219/-203/-94 
f -905/-1348/-93 -73/-206/-93 -219/-203/-93 -904/-1347/-93 
f -73/-206/-92 -905/-1348/-92 -906/-1349/-92 -212/-202/-92 
f -918/-205/-91 -73/-206/-91 -212/-202/-91 -916/-201/-91 
f -72/-200/-90 -702/-199/-90 -703/-198/-90 -214/-197/-90 
f -581/-1035/-89 -72/-200/-89 -214/-197/-89 -580/-1034/-89 
f -72/-200/-96 -581/-1035/-96 -582/-1036/-96 -207/-196/-96 
f -702/-199/-95 -72/-200/-95 -207/-196/-95 -700/-195/-95 
f -71/-194/-94 -711/-193/-94 -712/-192/-94 -209/-191/-94 
f -590/-1044/-93 -71/-194/-93 -209/-191/-93 -589/-1043/-93 
f -71/-194/-92 -590/-1044/-92 -591/-1045/-92 -202/-190/-92 
f -711/-193/-91 -71/-194/-91 -202/-190/-91 -709/-189/-91 
f -70/-188/-90 -720/-187/-90 -721/-186/-90 -204/-185/-90 
f -599/-1053/-89 -70/-188/-89 -204/-185/-89 -598/-1052/-89 
f -70/-188/-96 -599/-1053/-96 -600/-1054/-96 -197/-184/-96 
f -720/-187/-95 -70/-188/-95 -197/-184/-95 -718/-183/-95 
f -69/-182/-94 -729/-181/-94 -730/-180/-94 -199/-179/-94 
f -608/-1062/-93 -69/-182/-93 -199/-179/-93 -607/-1061/-93 
f -69/-182/-92 -608/-1062/-92 -609/-1063/-92 -192/-178/-92 
f -729/-181/-91 -69/-182/-91 -192/-178/-91 -727/-177/-91 
f -68/-176/-90 -738/-175/-90 -739/-174/-90 -194/-173/-90 
f -617/-1071/-89 -68/-176/-89 -194/-173/-89 -616/-1070/-89 
f -68/-176/-96 -617/-1071/-96 -618/-1072/-96 -187/-172/-96 
f -738/-175/-95 -68/-176/-95 -187/-172/-95 -736/-171/-95 
f -67/-170/-94 -747/-169/-94 -748/-168/-94 -189/-167/-94 
f -626/-1080/-93 -67/-170/-93 -189/-167/-93 -625/-1079/-93 
f -67/-170/-88 -626/-1080/-88 -627/-1081/-88 -183/-166/-88 
f -747/-169/-87 -67/-170/-87 -183/-166/-87 -745/-165/-87 
f -66/-164/-86 -756/-163/-86 -757/-162/-86 -185/-161/-86 
f -635/-1089/-85 -66/-164/-85 -185/-161/-85 -634/-1088/-85 
f -66/-164/-84 -635/-1089/-84 -636/-1090/-84 -385/-160/-84 
f -756/-163/-83 -66/-164/-83 -385/-160/-83 -754/-159/-83 
f -65/-158/-82 -743/-157/-82 -744/-156/-82 -178/-155/-82 
f -450/-912/-81 -65/-158/-81 -178/-155/-81 -448/-910/-81 
f -65/-158/-80 -450/-912/-80 -451/-913/-80 -172/-154/-80 
f -743/-157/-79 -65/-158/-79 -172/-154/-79 -742/-153/-79 
f -64/-152/-78 -734/-151/-78 -735/-150/-78 -174/-149/-78 
f -441/-903/-77 -64/-152/-77 -174/-149/-77 -439/-901/-77 
f -64/-152/-76 -441/-903/-76 -442/-904/-76 -167/-148/-76 
f -734/-151/-75 -64/-152/-75 -167/-148/-75 -733/-147/-75 
f -63/-146/-74 -725/-145/-74 -726/-144/-74 -169/-143/-74 
f -432/-894/-73 -63/-146/-73 -169/-143/-73 -430/-892/-73 
f -63/-146/-80 -432/-894/-80 -433/-895/-80 -162/-142/-80 
f -725/-145/-79 -63/-146/-79 -162/-142/-79 -724/-141/-79 
f -62/-140/-78 -716/-139/-78 -717/-138/-78 -164/-137/-78 
f -423/-885/-77 -62/-140/-77 -164/-137/-77 -421/-883/-77 
f -62/-140/-76 -423/-885/-76 -424/-886/-76 -157/-136/-76 
f -716/-139/-75 -62/-140/-75 -157/-136/-75 -715/-135/-75 
f -61/-134/-74 -707/-133/-74 -708/-132/-74 -159/-131/-74 
f -414/-876/-73 -61/-134/-73 -159/-131/-73 -412/-874/-73 
f -61/-134/-80 -414/-876/-80 -415/-877/-80 -152/-130/-80 
f -707/-133/-79 -61/-134/-79 -152/-130/-79 -706/-129/-79 
f -60/-128/-78 -698/-127/-78 -699/-126/-78 -154/-125/-78 
f -887/-1330/-77 -60/-128/-77 -154/-125/-77 -886/-1329/-77 
f -60/-128/-76 -887/-1330/-76 -888/-1331/-76 -147/-124/-76 
f -698/-127/-75 -60/-128/-75 -147/-124/-75 -697/-123/-75 
f -59/-122/-74 -914/-121/-74 -915/-120/-74 -149/-119/-74 
f -464/-924/-73 -59/-122/-73 -149/-119/-73 -463/-923/-73 
f -59/-122/-80 -464/-924/-80 -465/-925/-80 -142/-118/-80 
f -914/-121/-79 -59/-122/-79 -142/-118/-79 -913/-117/-79 
f -58/-116/-78 -648/-115/-78 -649/-114/-78 -144/-113/-78 
f -473/-933/-77 -58/-116/-77 -144/-113/-77 -472/-932/-77 
f -58/-116/-76 -473/-933/-76 -474/-934/-76 -137/-112/-76 
f -648/-115/-75 -58/-116/-75 -137/-112/-75 -646/-111/-75 
f -57/-110/-74 -657/-109/-74 -658/-108/-74 -139/-107/-74 
f -482/-942/-73 -57/-110/-73 -139/-107/-73 -481/-941/-73 
f -57/-110/-80 -482/-942/-80 -483/-943/-80 -132/-106/-80 
f -657/-109/-79 -57/-110/-79 -132/-106/-79 -655/-105/-79 
f -56/-104/-78 -666/-103/-78 -667/-102/-78 -134/-101/-78 
f -491/-951/-77 -56/-104/-77 -134/-101/-77 -490/-950/-77 
f -56/-104/-76 -491/-951/-76 -492/-952/-76 -127/-100/-76 
f -666/-103/-75 -56/-104/-75 -127/-100/-75 -664/-99/-75 
f -55/-98/-74 -675/-97/-74 -676/-96/-74 -129/-95/-74 
f -500/-960/-73 -55/-98/-73 -129/-95/-73 -499/-959/-73 
f -55/-98/-80 -500/-960/-80 -501/-961/-80 -122/-94/-80 
f -675/-97/-79 -55/-98/-79 -122/-94/-79 -673/-93/-79 
f -54/-92/-78 -684/-91/-78 -685/-90/-78 -124/-89/-78 
f -509/-969/-77 -54/-92/-77 -124/-89/-77 -508/-968/-77 
f -54/-92/-72 -509/-969/-72 -510/-970/-72 -118/-88/-72 
f -684/-91/-71 -54/-92/-71 -118/-88/-71 -682/-87/-71 
f -53/-86/-70 -693/-85/-70 -694/-84/-70 -120/-83/-70 
f -518/-978/-69 -53/-86/-69 -120/-83/-69 -517/-977/-69 
f -53/-86/-68 -518/-978/-68 -519/-1090/-68 -381/-160/-68 
f -693/-85/-67 -53/-86/-67 -381/-160/-67 -691/-159/-67 
f -52/-82/-66 -863/-1309/-66 -862/-1308/-66 -314/-736/-66 
f -875/-1321/-65 -52/-82/-65 -314/-736/-65 -874/-1320/-65 
f -52/-82/-64 -875/-1321/-64 -868/-1314/-64 -307/-81/-64 
f -863/-1309/-63 -52/-82/-63 -307/-81/-63 -861/-1307/-63 
f -51/-80/-62 -854/-1300/-62 -853/-1299/-62 -317/-79/-62 
f -866/-1312/-61 -51/-80/-61 -317/-79/-61 -865/-1311/-61 
f -51/-80/-60 -866/-1312/-60 -859/-1305/-60 -305/-723/-60 
f -854/-1300/-59 -51/-80/-59 -305/-723/-59 -852/-1298/-59 
f -50/-78/-58 -845/-1291/-58 -844/-1290/-58 -322/-77/-58 
f -857/-1303/-57 -50/-78/-57 -322/-77/-57 -856/-1302/-57 
f -50/-78/-56 -857/-1303/-56 -850/-1296/-56 -300/-716/-56 
f -845/-1291/-55 -50/-78/-55 -300/-716/-55 -843/-1289/-55 
f -49/-76/-62 -836/-1282/-62 -835/-1281/-62 -327/-75/-62 
f -848/-1294/-61 -49/-76/-61 -327/-75/-61 -847/-1293/-61 
f -49/-76/-60 -848/-1294/-60 -841/-1287/-60 -295/-709/-60 
f -836/-1282/-59 -49/-76/-59 -295/-709/-59 -834/-1280/-59 
f -48/-74/-58 -827/-1273/-58 -826/-1272/-58 -332/-73/-58 
f -839/-1285/-57 -48/-74/-57 -332/-73/-57 -838/-1284/-57 
f -48/-74/-56 -839/-1285/-56 -832/-1278/-56 -290/-702/-56 
f -827/-1273/-55 -48/-74/-55 -290/-702/-55 -825/-1271/-55 
f -47/-72/-62 -818/-1264/-62 -817/-1263/-62 -337/-71/-62 
f -830/-1276/-61 -47/-72/-61 -337/-71/-61 -829/-1275/-61 
f -47/-72/-60 -830/-1276/-60 -823/-1269/-60 -285/-695/-60 
f -818/-1264/-59 -47/-72/-59 -285/-695/-59 -816/-1262/-59 
f -46/-70/-58 -926/-1369/-58 -925/-1368/-58 -342/-69/-58 
f -821/-1267/-57 -46/-70/-57 -342/-69/-57 -820/-1266/-57 
f -46/-70/-56 -821/-1267/-56 -814/-1260/-56 -280/-688/-56 
f -926/-1369/-55 -46/-70/-55 -280/-688/-55 -924/-1367/-55 
f -45/-68/-54 -800/-1246/-54 -799/-1245/-54 -249/-645/-54 
f -812/-1258/-53 -45/-68/-53 -249/-645/-53 -811/-1257/-53 
f -45/-68/-52 -812/-1258/-52 -805/-1251/-52 -372/-67/-52 
f -800/-1246/-51 -45/-68/-51 -372/-67/-51 -798/-1244/-51 
f -44/-66/-60 -791/-1237/-60 -790/-1236/-60 -255/-653/-60 
f -803/-1249/-59 -44/-66/-59 -255/-653/-59 -802/-1248/-59 
f -44/-66/-62 -803/-1249/-62 -796/-1242/-62 -367/-65/-62 
f -791/-1237/-61 -44/-66/-61 -367/-65/-61 -789/-1235/-61 
f -43/-64/-56 -782/-1228/-56 -781/-1227/-56 -260/-660/-56 
f -794/-1240/-55 -43/-64/-55 -260/-660/-55 -793/-1239/-55 
f -43/-64/-58 -794/-1240/-58 -787/-1233/-58 -362/-63/-58 
f -782/-1228/-57 -43/-64/-57 -362/-63/-57 -780/-1226/-57 
f -42/-62/-60 -773/-1219/-60 -772/-1218/-60 -265/-667/-60 
f -785/-1231/-59 -42/-62/-59 -265/-667/-59 -784/-1230/-59 
f -42/-62/-62 -785/-1231/-62 -778/-1224/-62 -357/-61/-62 
f -773/-1219/-61 -42/-62/-61 -357/-61/-61 -771/-1217/-61 
f -41/-60/-56 -764/-1210/-56 -763/-1209/-56 -270/-674/-56 
f -776/-1222/-55 -41/-60/-55 -270/-674/-55 -775/-1221/-55 
f -41/-60/-58 -776/-1222/-58 -769/-1215/-58 -352/-59/-58 
f -764/-1210/-57 -41/-60/-57 -352/-59/-57 -762/-1208/-57 
f -40/-58/-60 -929/-1372/-60 -922/-1365/-60 -275/-681/-60 
f -767/-1213/-59 -40/-58/-59 -275/-681/-59 -766/-1212/-59 
f -40/-58/-62 -767/-1213/-62 -760/-1206/-62 -347/-57/-62 
f -929/-1372/-61 -40/-58/-61 -347/-57/-61 -928/-1371/-61 
f -39/-56/-50 -746/-1195/-50 -745/-1194/-50 -184/-554/-50 
f -758/-1204/-49 -39/-56/-49 -184/-554/-49 -757/-1203/-49 
f -39/-56/-48 -758/-1204/-48 -751/-1200/-48 -177/-55/-48 
f -746/-1195/-47 -39/-56/-47 -177/-55/-47 -744/-1193/-47 
f -38/-54/-46 -737/-1186/-46 -736/-1185/-46 -188/-53/-46 
f -749/-1198/-45 -38/-54/-45 -188/-53/-45 -748/-1197/-45 
f -38/-54/-44 -749/-1198/-44 -742/-1191/-44 -173/-52/-44 
f -737/-1186/-43 -38/-54/-43 -173/-52/-43 -735/-1184/-43 
f -37/-51/-42 -728/-1177/-42 -727/-1176/-42 -193/-50/-42 
f -740/-1189/-41 -37/-51/-41 -193/-50/-41 -739/-1188/-41 
f -37/-51/-40 -740/-1189/-40 -733/-1182/-40 -168/-49/-40 
f -728/-1177/-39 -37/-51/-39 -168/-49/-39 -726/-1175/-39 
f -36/-48/-46 -719/-1168/-46 -718/-1167/-46 -198/-47/-46 
f -731/-1180/-45 -36/-48/-45 -198/-47/-45 -730/-1179/-45 
f -36/-48/-38 -731/-1180/-38 -724/-1173/-38 -163/-46/-38 
f -719/-1168/-43 -36/-48/-43 -163/-46/-43 -717/-1166/-43 
f -35/-45/-42 -710/-1159/-42 -709/-1158/-42 -203/-44/-42 
f -722/-1171/-41 -35/-45/-41 -203/-44/-41 -721/-1170/-41 
f -35/-45/-40 -722/-1171/-40 -715/-1164/-40 -158/-43/-40 
f -710/-1159/-39 -35/-45/-39 -158/-43/-39 -708/-1157/-39 
f -34/-42/-37 -701/-1150/-37 -700/-1149/-37 -208/-41/-37 
f -713/-1162/-45 -34/-42/-45 -208/-41/-45 -712/-1161/-45 
f -34/-42/-44 -713/-1162/-44 -706/-1155/-44 -153/-40/-44 
f -701/-1150/-43 -34/-42/-43 -153/-40/-43 -699/-1148/-43 
f -33/-39/-42 -917/-1360/-42 -916/-1359/-42 -213/-38/-42 
f -704/-1153/-41 -33/-39/-41 -213/-38/-41 -703/-1152/-41 
f -33/-39/-40 -704/-1153/-40 -697/-1146/-40 -148/-37/-40 
f -917/-1360/-39 -33/-39/-39 -148/-37/-39 -915/-1358/-39 
f -32/-36/-36 -683/-1135/-36 -682/-1134/-36 -119/-463/-36 
f -695/-1144/-35 -32/-36/-35 -119/-463/-35 -694/-1143/-35 
f -32/-36/-34 -695/-1144/-34 -688/-1140/-34 -242/-35/-34 
f -683/-1135/-33 -32/-36/-33 -242/-35/-33 -681/-1133/-33 
f -31/-34/-44 -674/-1126/-44 -673/-1125/-44 -123/-33/-44 
f -686/-1138/-43 -31/-34/-43 -123/-33/-43 -685/-1137/-43 
f -31/-34/-46 -686/-1138/-46 -679/-1131/-46 -238/-32/-46 
f -674/-1126/-45 -31/-34/-45 -238/-32/-45 -672/-1124/-45 
f -30/-31/-40 -665/-1117/-40 -664/-1116/-40 -128/-30/-40 
f -677/-1129/-39 -30/-31/-39 -128/-30/-39 -676/-1128/-39 
f -30/-31/-42 -677/-1129/-42 -670/-1122/-42 -233/-29/-42 
f -665/-1117/-41 -30/-31/-41 -233/-29/-41 -663/-1115/-41 
f -29/-28/-44 -656/-1108/-44 -655/-1107/-44 -133/-27/-44 
f -668/-1120/-43 -29/-28/-43 -133/-27/-43 -667/-1119/-43 
f -29/-28/-46 -668/-1120/-46 -661/-1113/-46 -228/-26/-46 
f -656/-1108/-45 -29/-28/-45 -228/-26/-45 -654/-1106/-45 
f -28/-25/-40 -647/-1099/-40 -646/-1098/-40 -138/-24/-40 
f -659/-1111/-39 -28/-25/-39 -138/-24/-39 -658/-1110/-39 
f -28/-25/-42 -659/-1111/-42 -652/-1104/-42 -223/-23/-42 
f -647/-1099/-41 -28/-25/-41 -223/-23/-41 -645/-1097/-41 
f -27/-22/-44 -920/-1363/-44 -913/-1356/-44 -143/-21/-44 
f -650/-1102/-43 -27/-22/-43 -143/-21/-43 -649/-1101/-43 
f -27/-22/-46 -650/-1102/-46 -643/-1095/-46 -218/-20/-46 
f -920/-1363/-45 -27/-22/-45 -218/-20/-45 -919/-1362/-45 
f -26/-19/-32 -629/-1083/-32 -628/-1082/-32 -309/-729/-32 
f -641/-1094/-31 -26/-19/-31 -309/-729/-31 -640/-1093/-31 
f -26/-19/-30 -641/-1094/-30 -634/-1088/-30 -182/-18/-30 
f -629/-1083/-29 -26/-19/-29 -182/-18/-29 -627/-1081/-29 
f -25/-54/-28 -620/-1074/-28 -619/-1073/-28 -303/-17/-28 
f -632/-1086/-27 -25/-54/-27 -303/-17/-27 -631/-1085/-27 
f -25/-54/-26 -632/-1086/-26 -625/-1079/-26 -190/-562/-26 
f -620/-1074/-25 -25/-54/-25 -190/-562/-25 -618/-1072/-25 
f -24/-51/-24 -611/-1065/-24 -610/-1064/-24 -298/-16/-24 
f -623/-1077/-23 -24/-51/-23 -298/-16/-23 -622/-1076/-23 
f -24/-51/-22 -623/-1077/-22 -616/-1070/-22 -195/-569/-22 
f -611/-1065/-21 -24/-51/-21 -195/-569/-21 -609/-1063/-21 
f -23/-48/-28 -602/-1056/-28 -601/-1055/-28 -293/-15/-28 
f -614/-1068/-27 -23/-48/-27 -293/-15/-27 -613/-1067/-27 
f -23/-48/-26 -614/-1068/-26 -607/-1061/-26 -200/-576/-26 
f -602/-1056/-25 -23/-48/-25 -200/-576/-25 -600/-1054/-25 
f -22/-45/-24 -593/-1047/-24 -592/-1046/-24 -288/-14/-24 
f -605/-1059/-23 -22/-45/-23 -288/-14/-23 -604/-1058/-23 
f -22/-45/-22 -605/-1059/-22 -598/-1052/-22 -205/-583/-22 
f -593/-1047/-21 -22/-45/-21 -205/-583/-21 -591/-1045/-21 
f -21/-42/-28 -584/-1038/-28 -583/-1037/-28 -283/-13/-28 
f -596/-1050/-27 -21/-42/-27 -283/-13/-27 -595/-1049/-27 
f -21/-42/-26 -596/-1050/-26 -589/-1043/-26 -210/-590/-26 
f -584/-1038/-25 -21/-42/-25 -210/-590/-25 -582/-1036/-25 
f -20/-39/-24 -908/-1351/-24 -907/-1350/-24 -278/-12/-24 
f -587/-1041/-23 -20/-39/-23 -278/-12/-23 -586/-1040/-23 
f -20/-39/-22 -587/-1041/-22 -580/-1034/-22 -215/-597/-22 
f -908/-1351/-21 -20/-39/-21 -215/-597/-21 -906/-1349/-21 
f -19/-11/-20 -566/-1022/-20 -565/-1021/-20 -244/-638/-20 
f -578/-1033/-19 -19/-11/-19 -244/-638/-19 -577/-1032/-19 
f -19/-11/-18 -578/-1033/-18 -571/-1027/-18 -247/-10/-18 
f -566/-1022/-17 -19/-11/-17 -247/-10/-17 -564/-1020/-17 
f -18/-34/-26 -557/-1013/-26 -556/-1012/-26 -240/-632/-26 
f -569/-1025/-25 -18/-34/-25 -240/-632/-25 -568/-1024/-25 
f -18/-34/-28 -569/-1025/-28 -562/-1018/-28 -253/-9/-28 
f -557/-1013/-27 -18/-34/-27 -253/-9/-27 -555/-1011/-27 
f -17/-31/-22 -548/-1004/-22 -547/-1003/-22 -235/-625/-22 
f -560/-1016/-21 -17/-31/-21 -235/-625/-21 -559/-1015/-21 
f -17/-31/-24 -560/-1016/-24 -553/-1009/-24 -258/-8/-24 
f -548/-1004/-23 -17/-31/-23 -258/-8/-23 -546/-1002/-23 
f -16/-28/-26 -539/-995/-26 -538/-994/-26 -230/-618/-26 
f -551/-1007/-25 -16/-28/-25 -230/-618/-25 -550/-1006/-25 
f -16/-28/-28 -551/-1007/-28 -544/-1000/-28 -263/-7/-28 
f -539/-995/-27 -16/-28/-27 -263/-7/-27 -537/-993/-27 
f -15/-25/-22 -530/-986/-22 -529/-985/-22 -225/-611/-22 
f -542/-998/-21 -15/-25/-21 -225/-611/-21 -541/-997/-21 
f -15/-25/-24 -542/-998/-24 -535/-991/-24 -268/-6/-24 
f -530/-986/-23 -15/-25/-23 -268/-6/-23 -528/-984/-23 
f -14/-22/-26 -911/-1354/-26 -904/-1347/-26 -220/-604/-26 
f -533/-989/-25 -14/-22/-25 -220/-604/-25 -532/-988/-25 
f -14/-22/-28 -533/-989/-28 -526/-982/-28 -273/-5/-28 
f -911/-1354/-27 -14/-22/-27 -273/-5/-27 -910/-1353/-27 
f -13/-4/-16 -512/-972/-16 -511/-971/-16 -374/-820/-16 
f -524/-981/-15 -13/-4/-15 -374/-820/-15 -523/-980/-15 
f -13/-4/-14 -524/-981/-14 -517/-977/-14 -117/-3/-14 
f -512/-972/-13 -13/-4/-13 -117/-3/-13 -510/-970/-13 
f -12/-66/-12 -503/-963/-12 -502/-962/-12 -369/-813/-12 
f -515/-975/-11 -12/-66/-11 -369/-813/-11 -514/-974/-11 
f -12/-66/-10 -515/-975/-10 -508/-968/-10 -125/-471/-10 
f -503/-963/-9 -12/-66/-9 -125/-471/-9 -501/-961/-9 
f -11/-64/-8 -494/-954/-8 -493/-953/-8 -364/-806/-8 
f -506/-966/-7 -11/-64/-7 -364/-806/-7 -505/-965/-7 
f -11/-64/-6 -506/-966/-6 -499/-959/-6 -130/-478/-6 
f -494/-954/-5 -11/-64/-5 -130/-478/-5 -492/-952/-5 
f -10/-62/-12 -485/-945/-12 -484/-944/-12 -359/-799/-12 
f -497/-957/-11 -10/-62/-11 -359/-799/-11 -496/-956/-11 
f -10/-62/-10 -497/-957/-10 -490/-950/-10 -135/-485/-10 
f -485/-945/-9 -10/-62/-9 -135/-485/-9 -483/-943/-9 
f -9/-60/-8 -476/-936/-8 -475/-935/-8 -354/-792/-8 
f -488/-948/-7 -9/-60/-7 -354/-792/-7 -487/-947/-7 
f -9/-60/-6 -488/-948/-6 -481/-941/-6 -140/-492/-6 
f -476/-936/-5 -9/-60/-5 -140/-492/-5 -474/-934/-5 
f -8/-58/-12 -467/-927/-12 -466/-926/-12 -349/-785/-12 
f -479/-939/-11 -8/-58/-11 -349/-785/-11 -478/-938/-11 
f -8/-58/-10 -479/-939/-10 -472/-932/-10 -145/-499/-10 
f -467/-927/-9 -8/-58/-9 -145/-499/-9 -465/-925/-9 
f -7/-70/-8 -890/-1333/-8 -889/-1332/-8 -344/-778/-8 
f -470/-930/-7 -7/-70/-7 -344/-778/-7 -469/-929/-7 
f -7/-70/-6 -470/-930/-6 -463/-923/-6 -150/-506/-6 
f -890/-1333/-5 -7/-70/-5 -150/-506/-5 -888/-1331/-5 
f -6/-2/-4 -449/-911/-4 -448/-910/-4 -179/-547/-4 
f -461/-922/-3 -6/-2/-3 -179/-547/-3 -460/-921/-3 
f -6/-2/-2 -461/-922/-2 -454/-916/-2 -312/-1/-2 
f -449/-911/-1 -6/-2/-1 -312/-1/-1 -447/-909/-1 
f -5/-80/-10 -440/-902/-10 -439/-901/-10 -175/-541/-10 
f -452/-914/-9 -5/-80/-9 -175/-541/-9 -451/-913/-9 
f -5/-80/-12 -452/-914/-12 -445/-907/-12 -319/-743/-12 
f -440/-902/-11 -5/-80/-11 -319/-743/-11 -438/-900/-11 
f -4/-78/-6 -431/-893/-6 -430/-892/-6 -170/-534/-6 
f -443/-905/-5 -4/-78/-5 -170/-534/-5 -442/-904/-5 
f -4/-78/-8 -443/-905/-8 -436/-898/-8 -324/-750/-8 
f -431/-893/-7 -4/-78/-7 -324/-750/-7 -429/-891/-7 
f -3/-76/-10 -422/-884/-10 -421/-883/-10 -165/-527/-10 
f -434/-896/-9 -3/-76/-9 -165/-527/-9 -433/-895/-9 
f -3/-76/-12 -434/-896/-12 -427/-889/-12 -329/-757/-12 
f -422/-884/-11 -3/-76/-11 -329/-757/-11 -420/-882/-11 
f -2/-74/-6 -413/-875/-6 -412/-874/-6 -160/-520/-6 
f -425/-887/-5 -2/-74/-5 -160/-520/-5 -424/-886/-5 
f -2/-74/-8 -425/-887/-8 -418/-880/-8 -334/-764/-8 
f -413/-875/-7 -2/-74/-7 -334/-764/-7 -411/-873/-7 
f -1/-72/-10 -893/-1336/-10 -886/-1329/-10 -155/-513/-10 
f -416/-878/-9 -1/-72/-9 -155/-513/-9 -415/-877/-9 
f -1/-72/-12 -416/-878/-12 -409/-871/-12 -339/-771/-12 
f -893/-1336/-11 -1/-72/-11 -339/-771/-11 -892/-1335/-11 
# 928 polygons

#
# object Box20194
#

v  -699.5101 113.2536 -178.1996
v  -699.3340 183.8934 -177.6330
v  -728.4149 183.8934 -167.6981
v  -728.5909 113.2536 -168.2646
v  -700.3046 113.2761 -180.7553
v  -729.3854 113.2761 -170.8204
v  -729.2093 183.9158 -170.2538
v  -700.1285 183.9158 -180.1887
# 8 vertices

vn 0.2968 -0.0084 0.9549
vn -0.2968 0.0084 -0.9549
vn -0.0025 -1.0000 -0.0080
vn -0.9463 0.0000 0.3233
vn 0.0025 1.0000 0.0080
vn 0.9463 -0.0000 -0.3233
# 6 vertex normals

vt 1.0000 0.0000 0.0000
vt 1.0000 1.0000 0.0000
vt 0.0000 1.0000 0.0000
vt 0.0000 0.0000 0.0000
# 4 texture coords

g Box20194
usemtl 02___Default
s 2
f -8/-4/-6 -7/-3/-6 -6/-2/-6 -5/-1/-6 
s 4
f -4/-1/-5 -3/-4/-5 -2/-3/-5 -1/-2/-5 
s 8
f -8/-1/-4 -5/-4/-4 -3/-3/-4 -4/-2/-4 
s 16
f -5/-1/-3 -6/-4/-3 -2/-3/-3 -3/-2/-3 
s 32
f -6/-1/-2 -7/-4/-2 -1/-3/-2 -2/-2/-2 
s 64
f -7/-1/-1 -8/-4/-1 -4/-3/-1 -1/-2/-1 
# 6 polygons

#
# object Box20195
#

v  -714.3798 153.0950 -176.4924
v  -714.3719 159.7068 -176.4556
v  -715.2673 159.7068 -176.1463
v  -715.2752 153.0950 -176.1832
v  -714.4507 153.0991 -176.8221
v  -715.3461 153.0991 -176.5128
v  -715.3383 159.7110 -176.4760
v  -714.4427 159.7110 -176.7853
# 8 vertices

vn 0.2103 -0.0124 0.9776
vn -0.2103 0.0124 -0.9776
vn -0.0012 -1.0000 -0.0056
vn -0.9452 0.0000 0.3265
vn 0.0012 1.0000 0.0056
vn 0.9452 -0.0000 -0.3265
# 6 vertex normals

vt 1.0000 0.0000 0.0000
vt 1.0000 1.0000 0.0000
vt 0.0000 1.0000 0.0000
vt 0.0000 0.0000 0.0000
# 4 texture coords

g Box20195
usemtl 03___Default
s 2
f -8/-4/-6 -7/-3/-6 -6/-2/-6 -5/-1/-6 
s 4
f -4/-1/-5 -3/-4/-5 -2/-3/-5 -1/-2/-5 
s 8
f -8/-1/-4 -5/-4/-4 -3/-3/-4 -4/-2/-4 
s 16
f -5/-1/-3 -6/-4/-3 -2/-3/-3 -3/-2/-3 
s 32
f -6/-1/-2 -7/-4/-2 -1/-3/-2 -2/-2/-2 
s 64
f -7/-1/-1 -8/-4/-1 -4/-3/-1 -1/-2/-1 
# 6 polygons

#
# object Box20196
#

v  -714.3798 140.7307 -176.4924
v  -714.3719 147.3425 -176.4556
v  -715.2673 147.3425 -176.1463
v  -715.2752 140.7307 -176.1832
v  -714.4507 140.7348 -176.8221
v  -715.3461 140.7348 -176.5128
v  -715.3383 147.3467 -176.4760
v  -714.4427 147.3467 -176.7853
# 8 vertices

vn 0.2103 -0.0124 0.9776
vn -0.2103 0.0124 -0.9776
vn -0.0012 -1.0000 -0.0056
vn -0.9452 0.0000 0.3265
vn 0.0012 1.0000 0.0056
vn 0.9452 -0.0000 -0.3265
# 6 vertex normals

vt 1.0000 0.0000 0.0000
vt 1.0000 1.0000 0.0000
vt 0.0000 1.0000 0.0000
vt 0.0000 0.0000 0.0000
# 4 texture coords

g Box20196
usemtl 03___Default
s 2
f -8/-4/-6 -7/-3/-6 -6/-2/-6 -5/-1/-6 
s 4
f -4/-1/-5 -3/-4/-5 -2/-3/-5 -1/-2/-5 
s 8
f -8/-1/-4 -5/-4/-4 -3/-3/-4 -4/-2/-4 
s 16
f -5/-1/-3 -6/-4/-3 -2/-3/-3 -3/-2/-3 
s 32
f -6/-1/-2 -7/-4/-2 -1/-3/-2 -2/-2/-2 
s 64
f -7/-1/-1 -8/-4/-1 -4/-3/-1 -1/-2/-1 
# 6 polygons

